[
  {
    "id": 2,
    "annotations": [
      {
        "id": 3,
        "completed_by": 1,
        "result": [
          {
            "value": {
              "choices": ["4-Érthető"]
            },
            "id": "_7wGUJV_ry",
            "from_name": "sentiment",
            "to_name": "text",
            "type": "choices",
            "origin": "manual"
          }
        ],
        "was_cancelled": false,
        "ground_truth": false,
        "created_at": "2025-10-09T21:48:08.527308Z",
        "updated_at": "2025-10-09T21:48:08.527339Z",
        "draft_created_at": null,
        "lead_time": 18.305,
        "prediction": {},
        "result_count": 1,
        "unique_id": "926d77cf-31e4-4ff4-9ef5-b65d3a43d856",
        "import_id": null,
        "last_action": null,
        "bulk_created": false,
        "task": 2,
        "project": 4,
        "updated_by": 1,
        "parent_prediction": null,
        "parent_annotation": null,
        "last_created_by": null
      }
    ],"file_upload":"f4a080f3-hardverapro.txt","drafts":[],"predictions":[],"data":{"text":"1.1 A Felhasználó a Felhasználói Fiók regisztrálásával és használatával elismeri, hogy az ÁSZF-et és az Adatvédelmi Szabályzatot és Tájékoztatót megismerte, megértette és vállalja, hogy azt betartja. Az Üzemeltető a Szolgáltatást kizárólag 16. életévét betöltött természetes személyek részére nyújtja. A regisztrációval a Felhasználó elismeri, hogy 16. életévét betöltötte."},"meta":{},"created_at":"2025-10-09T21:47:13.562409Z","updated_at":"2025-10-09T21:48:08.909075Z","inner_id":2,"total_annotations":1,"cancelled_annotations":0,"total_predictions":0,"comment_count":0,"unresolved_comment_count":0,"last_comment_updated_at":null,"project":4,"updated_by":1,"comment_authors":[]},{"id":3,"annotations":[{"id":4,"completed_by":1,"result":[{"value":{"choices":["5-Könnyen érthető"]},"id":"yR8iCsGlys","from_name":"sentiment","to_name":"text","type":"choices","origin":"manual"}],"was_cancelled":false,"ground_truth":false,"created_at":"2025-10-09T21:48:17.472748Z","updated_at":"2025-10-09T21:48:17.472781Z","draft_created_at":null,"lead_time":6.503,"prediction":{},"result_count":1,"unique_id":"b1675e10-e334-41fd-837f-51d9e098e31c","import_id":null,"last_action":null,"bulk_created":false,"task":3,"project":4,"updated_by":1,"parent_prediction":null,"parent_annotation":null,"last_created_by":null}],"file_upload":"f4a080f3-hardverapro.txt","drafts":[],"predictions":[],"data":{"text":"1.2 Amennyiben a Felhasználó megsérti az ÁSZF-et, úgy az Üzemeltető a Felhasználó számára a Szolgáltatás igénybevételét korlátozhatja."},"meta":{},"created_at":"2025-10-09T21:47:13.562462Z","updated_at":"2025-10-09T21:48:17.796668Z","inner_id":3,"total_annotations":1,"cancelled_annotations":0,"total_predictions":0,"comment_count":0,"unresolved_comment_count":0,"last_comment_updated_at":null,"project":4,"updated_by":1,"comment_authors":[]},{"id":4,"annotations":[{"id":5,"completed_by":1,"result":[{"value":{"choices":["3-Többé\/kevésbé megértem"]},"id":"s5CK7CJ8fA","from_name":"sentiment","to_name":"text","type":"choices","origin":"manual"}],"was_cancelled":false,"ground_truth":false,"created_at":"2025-10-09T21:48:49.187916Z","updated_at":"2025-10-09T21:48:49.187948Z","draft_created_at":null,"lead_time":29.411,"prediction":{},"result_count":1,"unique_id":"a8183a34-0d55-44da-bc01-7964f9190b20","import_id":null,"last_action":null,"bulk_created":false,"task":4,"project":4,"updated_by":1,"parent_prediction":null,"parent_annotation":null,"last_created_by":null}],"file_upload":"f4a080f3-hardverapro.txt","drafts":[],"predictions":[],"data":{"text":"1.3 Az Üzemeltető fenntartja jogát, hogy az ÁSZF-et egyoldalúan megváltoztassa, melyről az alábbi módok valamelyikén értesíti a Felhasználókat: a Felhasználókat írásban értesíti a Felhasználói Fiókba történő belépéskor, a Felhasználói Fiókban megadott belépési email címen, a Szolgáltatás ÁSZF oldalán (jelen oldal), a Szolgáltatás privát üzenet funkcióján keresztül. A Felhasználó a megváltozott ÁSZF-et ráutaló magatartással, a Felhasználói Fiók további használatával is elfogadja. Amennyiben a Felhasználó a módosított ÁSZF mellett nem kívánja tovább igénybe venni a Szolgáltatást, jogviszonyát jogosult megszüntetni. Ha a Felhasználó a megváltozott ÁSZF-et nem fogadja el, akkor a Szolgáltatás használatát egyoldalúan befejezi azzal, hogy a Felhasználói Fiókjába nem lép be és újat nem készít."},"meta":{},"created_at":"2025-10-09T21:47:13.562516Z","updated_at":"2025-10-09T21:48:49.512628Z","inner_id":4,"total_annotations":1,"cancelled_annotations":0,"total_predictions":0,"comment_count":0,"unresolved_comment_count":0,"last_comment_updated_at":null,"project":4,"updated_by":1,"comment_authors":[]},{"id":5,"annotations":[{"id":6,"completed_by":1,"result":[{"value":{"choices":["5-Könnyen érthető"]},"id":"Y7x3TpDj7Z","from_name":"sentiment","to_name":"text","type":"choices","origin":"manual"}],"was_cancelled":false,"ground_truth":false,"created_at":"2025-10-09T21:49:03.049133Z","updated_at":"2025-10-09T21:49:03.049165Z","draft_created_at":null,"lead_time":11.419,"prediction":{},"result_count":1,"unique_id":"151a1ab2-58d3-4517-9bb5-52ae7e376038","import_id":null,"last_action":null,"bulk_created":false,"task":5,"project":4,"updated_by":1,"parent_prediction":null,"parent_annotation":null,"last_created_by":null}],"file_upload":"f4a080f3-hardverapro.txt","drafts":[],"predictions":[],"data":{"text":"1.4 Egy Felhasználó (az Üzemeltető előzetes írásbeli engedélye nélkül) egy Felhasználói Fiókkal rendelkezhet, melyet más részére nem engedhet át."},"meta":{},"created_at":"2025-10-09T21:47:13.562574Z","updated_at":"2025-10-09T21:49:03.431323Z","inner_id":5,"total_annotations":1,"cancelled_annotations":0,"total_predictions":0,"comment_count":0,"unresolved_comment_count":0,"last_comment_updated_at":null,"project":4,"updated_by":1,"comment_authors":[]},{"id":6,"annotations":[{"id":7,"completed_by":1,"result":[{"value":{"choices":["3-Többé\/kevésbé megértem"]},"id":"6eSC5KOu6H","from_name":"sentiment","to_name":"text","type":"choices","origin":"manual"}],"was_cancelled":false,"ground_truth":false,"created_at":"2025-10-09T21:49:21.445856Z","updated_at":"2025-10-09T21:49:21.445886Z","draft_created_at":null,"lead_time":15.996,"prediction":{},"result_count":1,"unique_id":"5ab71193-22b6-45c4-a59f-c58b9c3a60ec","import_id":null,"last_action":null,"bulk_created":false,"task":6,"project":4,"updated_by":1,"parent_prediction":null,"parent_annotation":null,"last_created_by":null}],"file_upload":"f4a080f3-hardverapro.txt","drafts":[],"predictions":[],"data":{"text":"1.5 Az Üzemeltető hirdetési helyet biztosít Felhasználói részére termékeik és szolgáltatásaik hirdetésére, illetve a hirdetéshez és hirdetések böngészéséhez kapcsolódó egyéb szolgáltatásokat nyújt a Weboldalon."},"meta":{},"created_at":"2025-10-09T21:47:13.562624Z","updated_at":"2025-10-09T21:49:21.742765Z","inner_id":6,"total_annotations":1,"cancelled_annotations":0,"total_predictions":0,"comment_count":0,"unresolved_comment_count":0,"last_comment_updated_at":null,"project":4,"updated_by":1,"comment_authors":[]},{"id":7,"annotations":[{"id":8,"completed_by":1,"result":[{"value":{"choices":["4-Érthető"]},"id":"AGC0D9cRNb","from_name":"sentiment","to_name":"text","type":"choices","origin":"manual"}],"was_cancelled":false,"ground_truth":false,"created_at":"2025-10-09T21:49:34.000738Z","updated_at":"2025-10-09T21:49:34.000780Z","draft_created_at":null,"lead_time":10.351,"prediction":{},"result_count":1,"unique_id":"b2d67be3-5718-42ae-84ce-8263329b26d8","import_id":null,"last_action":null,"bulk_created":false,"task":7,"project":4,"updated_by":1,"parent_prediction":null,"parent_annotation":null,"last_created_by":null}],"file_upload":"f4a080f3-hardverapro.txt","drafts":[],"predictions":[],"data":{"text":"1.6 A Szolgáltatás igénybevétele főszabály szerint térítésmentes, a díjköteles szolgáltatások külön jelzéssel ellátottak."},"meta":{},"created_at":"2025-10-09T21:47:13.562674Z","updated_at":"2025-10-09T21:49:34.350356Z","inner_id":7,"total_annotations":1,"cancelled_annotations":0,"total_predictions":0,"comment_count":0,"unresolved_comment_count":0,"last_comment_updated_at":null,"project":4,"updated_by":1,"comment_authors":[]},{"id":8,"annotations":[{"id":9,"completed_by":1,"result":[{"value":{"choices":["2-Nehezen érthető"]},"id":"1lKWn9cFeI","from_name":"sentiment","to_name":"text","type":"choices","origin":"manual"}],"was_cancelled":false,"ground_truth":false,"created_at":"2025-10-09T21:49:57.043455Z","updated_at":"2025-10-09T21:49:57.043500Z","draft_created_at":"2025-10-09T21:49:56.467711Z","lead_time":20.815,"prediction":{},"result_count":1,"unique_id":"53b30292-7f66-4bb3-8558-0b8a080e2f18","import_id":null,"last_action":null,"bulk_created":false,"task":8,"project":4,"updated_by":1,"parent_prediction":null,"parent_annotation":null,"last_created_by":null}],"file_upload":"f4a080f3-hardverapro.txt","drafts":[],"predictions":[],"data":{"text":"1.7 A regisztráció elektronikus úton történt megküldésével és annak az Üzemeltető által történő visszaigazolásával a Felek között a Weboldal felhasználására és a Szolgáltatások igénybevételére (például hirdetések közzétételére) vonatkozó jogviszony ráutaló magatartással jön létre."},"meta":{},"created_at":"2025-10-09T21:47:13.562729Z","updated_at":"2025-10-09T21:49:57.309144Z","inner_id":8,"total_annotations":1,"cancelled_annotations":0,"total_predictions":0,"comment_count":0,"unresolved_comment_count":0,"last_comment_updated_at":null,"project":4,"updated_by":1,"comment_authors":[]},{"id":9,"annotations":[{"id":10,"completed_by":1,"result":[{"value":{"choices":["1-Nagyon nehezen érthető"]},"id":"LvJg3D9qiq","from_name":"sentiment","to_name":"text","type":"choices","origin":"manual"}],"was_cancelled":false,"ground_truth":false,"created_at":"2025-10-09T21:50:07.197710Z","updated_at":"2025-10-09T21:50:07.197767Z","draft_created_at":null,"lead_time":7.941,"prediction":{},"result_count":1,"unique_id":"72253d2a-65e4-4750-8318-df31b1f7e96d","import_id":null,"last_action":null,"bulk_created":false,"task":9,"project":4,"updated_by":1,"parent_prediction":null,"parent_annotation":null,"last_created_by":null}],"file_upload":"f4a080f3-hardverapro.txt","drafts":[],"predictions":[],"data":{"text":"1.8 A Felhasználói Tartalmáért a Felhasználó teljes körűen felel."},"meta":{},"created_at":"2025-10-09T21:47:13.562781Z","updated_at":"2025-10-09T21:50:07.556455Z","inner_id":9,"total_annotations":1,"cancelled_annotations":0,"total_predictions":0,"comment_count":0,"unresolved_comment_count":0,"last_comment_updated_at":null,"project":4,"updated_by":1,"comment_authors":[]},{"id":10,"annotations":[{"id":11,"completed_by":1,"result":[{"value":{"choices":["2-Nehezen érthető"]},"id":"PTVz91Haq-","from_name":"sentiment","to_name":"text","type":"choices","origin":"manual"}],"was_cancelled":false,"ground_truth":false,"created_at":"2025-10-09T21:50:19.777509Z","updated_at":"2025-10-09T21:50:19.777571Z","draft_created_at":null,"lead_time":10.284,"prediction":{},"result_count":1,"unique_id":"a32b0ca3-9616-4bbe-b977-548990f71f9f","import_id":null,"last_action":null,"bulk_created":false,"task":10,"project":4,"updated_by":1,"parent_prediction":null,"parent_annotation":null,"last_created_by":null}],"file_upload":"f4a080f3-hardverapro.txt","drafts":[],"predictions":[],"data":{"text":"1.9 A Felhasználó lemond szerzői jogainak vagyoni részéről a Felhasználói Tartalommal kapcsolatban, tehát anyagi igényt nem támaszt az Üzemeltető felé, valamint az Üzemeltetőnek korlátlan (terjesztés, többszörözés, közvetítés, átdolgozás, nyilvános előadás) felhasználási jogot ad."},"meta":{},"created_at":"2025-10-09T21:47:13.562832Z","updated_at":"2025-10-09T21:50:20.160214Z","inner_id":10,"total_annotations":1,"cancelled_annotations":0,"total_predictions":0,"comment_count":0,"unresolved_comment_count":0,"last_comment_updated_at":null,"project":4,"updated_by":1,"comment_authors":[]},{"id":11,"annotations":[{"id":12,"completed_by":1,"result":[{"value":{"choices":["5-Könnyen érthető"]},"id":"2srz2iFJl8","from_name":"sentiment","to_name":"text","type":"choices","origin":"manual"}],"was_cancelled":false,"ground_truth":false,"created_at":"2025-10-09T21:50:29.490114Z","updated_at":"2025-10-09T21:50:29.490163Z","draft_created_at":null,"lead_time":6.27,"prediction":{},"result_count":1,"unique_id":"b6c26906-d34a-4401-a7b4-e69dd2d1b4f9","import_id":null,"last_action":null,"bulk_created":false,"task":11,"project":4,"updated_by":1,"parent_prediction":null,"parent_annotation":null,"last_created_by":null}],"file_upload":"f4a080f3-hardverapro.txt","drafts":[],"predictions":[],"data":{"text":"1.10 A Felhasználói Tartalom nyelve a magyar, ettől eltérni csak indokolt esetben lehet."},"meta":{},"created_at":"2025-10-09T21:47:13.562888Z","updated_at":"2025-10-09T21:50:29.864457Z","inner_id":11,"total_annotations":1,"cancelled_annotations":0,"total_predictions":0,"comment_count":0,"unresolved_comment_count":0,"last_comment_updated_at":null,"project":4,"updated_by":1,"comment_authors":[]},{"id":12,"annotations":[{"id":13,"completed_by":1,"result":[{"value":{"choices":["3-Többé\/kevésbé megértem"]},"id":"t0CL1QFupc","from_name":"sentiment","to_name":"text","type":"choices","origin":"manual"}],"was_cancelled":false,"ground_truth":false,"created_at":"2025-10-09T21:50:47.220629Z","updated_at":"2025-10-09T21:50:47.220670Z","draft_created_at":null,"lead_time":15.582,"prediction":{},"result_count":1,"unique_id":"82c29993-dc75-4d35-8697-386153439971","import_id":null,"last_action":null,"bulk_created":false,"task":12,"project":4,"updated_by":1,"parent_prediction":null,"parent_annotation":null,"last_created_by":null}],"file_upload":"f4a080f3-hardverapro.txt","drafts":[],"predictions":[],"data":{"text":"1.11 A Felhasználó az Üzemeltetővel szemben anyagi követelést nem támaszthat. Különösen nem a Szolgáltatásban fellelhető információk megbízhatóságáért, aktualitásáért; a Szolgáltatás használatából keletkező károkért vagy költségekért (így különösen egy Felhasználó által egy másik Felhasználónak okozott kárért vagy költségért); a Szolgáltatás leállása, hibás működése, elérhetetlensége, megváltozása esetén keletkező kárért; a Moderációért, vagy annak hiányáért. A Felhasználó által a Weboldalon közzé- vagy elérhetővé tett tartalomért, ideértve a tartalom által okozott vagy egyébként azzal összefüggésben felmerült mindennemű vagyoni vagy nem vagyoni kárért kizárólag a Felhasználót terheli felelősség, az Üzemeltető ezen tartalmakért nem felel és semmilyen felelősséget nem vállal."},"meta":{},"created_at":"2025-10-09T21:47:13.562946Z","updated_at":"2025-10-09T21:50:47.532623Z","inner_id":12,"total_annotations":1,"cancelled_annotations":0,"total_predictions":0,"comment_count":0,"unresolved_comment_count":0,"last_comment_updated_at":null,"project":4,"updated_by":1,"comment_authors":[]},{"id":13,"annotations":[{"id":14,"completed_by":1,"result":[{"value":{"choices":["4-Érthető"]},"id":"k-AyHJa5th","from_name":"sentiment","to_name":"text","type":"choices","origin":"manual"}],"was_cancelled":false,"ground_truth":false,"created_at":"2025-10-09T21:50:57.587921Z","updated_at":"2025-10-09T21:50:57.587949Z","draft_created_at":null,"lead_time":8.393,"prediction":{},"result_count":1,"unique_id":"327bd76c-04d7-4264-a1ae-4ff134d19dbc","import_id":null,"last_action":null,"bulk_created":false,"task":13,"project":4,"updated_by":1,"parent_prediction":null,"parent_annotation":null,"last_created_by":null}],"file_upload":"f4a080f3-hardverapro.txt","drafts":[],"predictions":[],"data":{"text":"1.12 A Felhasználó a Szolgáltatások használatának megkezdésével tudomásul veszi, hogy Weboldalra általa feltöltött információk, anyagok, szövegek, képek és adatok tartalmáért és jogszerűségéért felelősséggel tartozik."},"meta":{},"created_at":"2025-10-09T21:47:13.562998Z","updated_at":"2025-10-09T21:50:57.913039Z","inner_id":13,"total_annotations":1,"cancelled_annotations":0,"total_predictions":0,"comment_count":0,"unresolved_comment_count":0,"last_comment_updated_at":null,"project":4,"updated_by":1,"comment_authors":[]},{"id":14,"annotations":[{"id":15,"completed_by":1,"result":[{"value":{"choices":["4-Érthető"]},"id":"er43dF21x8","from_name":"sentiment","to_name":"text","type":"choices","origin":"manual"}],"was_cancelled":false,"ground_truth":false,"created_at":"2025-10-09T21:51:23.979763Z","updated_at":"2025-10-09T21:51:23.979802Z","draft_created_at":null,"lead_time":24.077,"prediction":{},"result_count":1,"unique_id":"9d8855c3-e0a9-4f46-8a63-506705eefa5e","import_id":null,"last_action":null,"bulk_created":false,"task":14,"project":4,"updated_by":1,"parent_prediction":null,"parent_annotation":null,"last_created_by":null}],"file_upload":"f4a080f3-hardverapro.txt","drafts":[],"predictions":[],"data":{"text":"1.13 Amennyiben a Felhasználói Tartalom miatt bármely természetes vagy jogi személy eljárást indít vagy elháríthatatlan anyagi igényt támaszt az Üzemeltető felé, az Üzemeltető az őt terhelő költséget a Felhasználóra tovább háríthatja."},"meta":{},"created_at":"2025-10-09T21:47:13.563046Z","updated_at":"2025-10-09T21:51:24.372230Z","inner_id":14,"total_annotations":1,"cancelled_annotations":0,"total_predictions":0,"comment_count":0,"unresolved_comment_count":0,"last_comment_updated_at":null,"project":4,"updated_by":1,"comment_authors":[]},{"id":15,"annotations":[{"id":16,"completed_by":1,"result":[{"value":{"choices":["5-Könnyen érthető"]},"id":"M5p0bb1hJl","from_name":"sentiment","to_name":"text","type":"choices","origin":"manual"}],"was_cancelled":false,"ground_truth":false,"created_at":"2025-10-09T21:51:33.408094Z","updated_at":"2025-10-09T21:51:33.408127Z","draft_created_at":null,"lead_time":7.345,"prediction":{},"result_count":1,"unique_id":"f4bfde67-f82e-4cb5-9951-1ab2d3a8d0d8","import_id":null,"last_action":null,"bulk_created":false,"task":15,"project":4,"updated_by":1,"parent_prediction":null,"parent_annotation":null,"last_created_by":null}],"file_upload":"f4a080f3-hardverapro.txt","drafts":[],"predictions":[],"data":{"text":"1.14 Esetleges jogvita esetén a Felek alávetik magukat az ügyre hatáskörrel és illetékességgel rendelkező magyar bíróság eljárásának."},"meta":{},"created_at":"2025-10-09T21:47:13.563096Z","updated_at":"2025-10-09T21:51:33.816173Z","inner_id":15,"total_annotations":1,"cancelled_annotations":0,"total_predictions":0,"comment_count":0,"unresolved_comment_count":0,"last_comment_updated_at":null,"project":4,"updated_by":1,"comment_authors":[]},{"id":16,"annotations":[{"id":17,"completed_by":1,"result":[{"value":{"choices":["4-Érthető"]},"id":"gvC0Lp5F77","from_name":"sentiment","to_name":"text","type":"choices","origin":"manual"}],"was_cancelled":false,"ground_truth":false,"created_at":"2025-10-09T21:51:43.185948Z","updated_at":"2025-10-09T21:51:43.186090Z","draft_created_at":null,"lead_time":7.627,"prediction":{},"result_count":1,"unique_id":"6d53fe08-8e98-42e5-9e58-b09805288841","import_id":null,"last_action":null,"bulk_created":false,"task":16,"project":4,"updated_by":1,"parent_prediction":null,"parent_annotation":null,"last_created_by":null}],"file_upload":"f4a080f3-hardverapro.txt","drafts":[],"predictions":[],"data":{"text":"1.15 A Szolgáltatás igénybevételekor saját természetbeni tartózkodási helyétől függetlenül a Felhasználó vállalja a magyarországi hatályos jogszabályok betartását a Felhasználói Tartalomban."},"meta":{},"created_at":"2025-10-09T21:47:13.563145Z","updated_at":"2025-10-09T21:51:43.670609Z","inner_id":16,"total_annotations":1,"cancelled_annotations":0,"total_predictions":0,"comment_count":0,"unresolved_comment_count":0,"last_comment_updated_at":null,"project":4,"updated_by":1,"comment_authors":[]},{"id":17,"annotations":[{"id":18,"completed_by":1,"result":[{"value":{"choices":["3-Többé\/kevésbé megértem"]},"id":"nW86dRa4Ui","from_name":"sentiment","to_name":"text","type":"choices","origin":"manual"}],"was_cancelled":false,"ground_truth":false,"created_at":"2025-10-09T21:51:56.912954Z","updated_at":"2025-10-09T21:51:56.912995Z","draft_created_at":null,"lead_time":11.447,"prediction":{},"result_count":1,"unique_id":"5a8e430d-7a80-4c0d-8d23-25cbe8f9b152","import_id":null,"last_action":null,"bulk_created":false,"task":17,"project":4,"updated_by":1,"parent_prediction":null,"parent_annotation":null,"last_created_by":null}],"file_upload":"f4a080f3-hardverapro.txt","drafts":[],"predictions":[],"data":{"text":"1.16 A Szolgáltatásban megjelenített hirdetéseket és a látogatottság auditálását a Felhasználó nem blokkolhatja, ehhez segítséget nem kérhet és nem adhat a Felhasználói Tartalomban."},"meta":{},"created_at":"2025-10-09T21:47:13.563231Z","updated_at":"2025-10-09T21:51:57.378999Z","inner_id":17,"total_annotations":1,"cancelled_annotations":0,"total_predictions":0,"comment_count":0,"unresolved_comment_count":0,"last_comment_updated_at":null,"project":4,"updated_by":1,"comment_authors":[]},{"id":18,"annotations":[{"id":19,"completed_by":1,"result":[{"value":{"choices":["5-Könnyen érthető"]},"id":"0vfpKdRbK0","from_name":"sentiment","to_name":"text","type":"choices","origin":"manual"}],"was_cancelled":false,"ground_truth":false,"created_at":"2025-10-09T21:52:06.830353Z","updated_at":"2025-10-09T21:52:06.830381Z","draft_created_at":null,"lead_time":7.501,"prediction":{},"result_count":1,"unique_id":"c43ced2d-7adf-4b7b-ba11-533bcefe2ba8","import_id":null,"last_action":null,"bulk_created":false,"task":18,"project":4,"updated_by":1,"parent_prediction":null,"parent_annotation":null,"last_created_by":null}],"file_upload":"f4a080f3-hardverapro.txt","drafts":[],"predictions":[],"data":{"text":"1.17 Az Üzemeltető fenntartja a jogot, hogy a Szolgáltatást szüneteltesse, módosítsa, átalakítsa a Felhasználók előzetes értesítése nélkül is."},"meta":{},"created_at":"2025-10-09T21:47:13.563290Z","updated_at":"2025-10-09T21:52:07.189261Z","inner_id":18,"total_annotations":1,"cancelled_annotations":0,"total_predictions":0,"comment_count":0,"unresolved_comment_count":0,"last_comment_updated_at":null,"project":4,"updated_by":1,"comment_authors":[]},{"id":19,"annotations":[{"id":20,"completed_by":1,"result":[{"value":{"choices":["5-Könnyen érthető"]},"id":"8A1rlywxxw","from_name":"sentiment","to_name":"text","type":"choices","origin":"manual"}],"was_cancelled":false,"ground_truth":false,"created_at":"2025-10-09T21:52:22.329856Z","updated_at":"2025-10-09T21:52:22.329888Z","draft_created_at":null,"lead_time":13.364,"prediction":{},"result_count":1,"unique_id":"7d93df89-8c35-4ae1-9419-ee9a3f6c84a6","import_id":null,"last_action":null,"bulk_created":false,"task":19,"project":4,"updated_by":1,"parent_prediction":null,"parent_annotation":null,"last_created_by":null}],"file_upload":"f4a080f3-hardverapro.txt","drafts":[],"predictions":[],"data":{"text":"1.18 Az Üzemeltető fenntartja a jogot, hogy a Felhasználói Fiókot bármikor, előzetes értesítés nélkül is felfüggessze, korlátozza, Felhasználói Tartalmat eltávolítson vagy a Felhasználót egy bizonyos tevékenység abbahagyására kötelezze a Szolgáltatásban."},"meta":{},"created_at":"2025-10-09T21:47:13.563341Z","updated_at":"2025-10-09T21:52:22.628417Z","inner_id":19,"total_annotations":1,"cancelled_annotations":0,"total_predictions":0,"comment_count":0,"unresolved_comment_count":0,"last_comment_updated_at":null,"project":4,"updated_by":1,"comment_authors":[]},{"id":20,"annotations":[{"id":21,"completed_by":1,"result":[{"value":{"choices":["1-Nagyon nehezen érthető"]},"id":"s0aI6PI1Ta","from_name":"sentiment","to_name":"text","type":"choices","origin":"manual"}],"was_cancelled":false,"ground_truth":false,"created_at":"2025-10-09T21:52:45.026584Z","updated_at":"2025-10-09T21:52:45.026622Z","draft_created_at":null,"lead_time":20.689,"prediction":{},"result_count":1,"unique_id":"2362a5e7-769d-4347-ac44-c5868ac073c9","import_id":null,"last_action":null,"bulk_created":false,"task":20,"project":4,"updated_by":1,"parent_prediction":null,"parent_annotation":null,"last_created_by":null}],"file_upload":"f4a080f3-hardverapro.txt","drafts":[],"predictions":[],"data":{"text":"1.19 Az Üzemeltető a Felhasználó Felhasználói Fiókját a Felhasználó által a Szolgáltatásban regisztrált további Felhasználói fiókja(i) tevékenységéért is korlátozhatja."},"meta":{},"created_at":"2025-10-09T21:47:13.563389Z","updated_at":"2025-10-09T21:52:45.369056Z","inner_id":20,"total_annotations":1,"cancelled_annotations":0,"total_predictions":0,"comment_count":0,"unresolved_comment_count":0,"last_comment_updated_at":null,"project":4,"updated_by":1,"comment_authors":[]},{"id":21,"annotations":[{"id":22,"completed_by":1,"result":[{"value":{"choices":["5-Könnyen érthető"]},"id":"volxwjqnwi","from_name":"sentiment","to_name":"text","type":"choices","origin":"manual"}],"was_cancelled":false,"ground_truth":false,"created_at":"2025-10-09T21:52:55.222337Z","updated_at":"2025-10-09T21:52:55.222368Z","draft_created_at":null,"lead_time":7.928,"prediction":{},"result_count":1,"unique_id":"9e88042a-85cf-4226-9747-8c498d0b3138","import_id":null,"last_action":null,"bulk_created":false,"task":21,"project":4,"updated_by":1,"parent_prediction":null,"parent_annotation":null,"last_created_by":null}],"file_upload":"f4a080f3-hardverapro.txt","drafts":[],"predictions":[],"data":{"text":"1.20 Az Üzemeltető a Felhasználó belépési e-mail címére vagy privát üzenet formájában a Szolgáltatással kapcsolatos üzeneteket továbbíthat."},"meta":{},"created_at":"2025-10-09T21:47:13.563436Z","updated_at":"2025-10-09T21:52:55.608880Z","inner_id":21,"total_annotations":1,"cancelled_annotations":0,"total_predictions":0,"comment_count":0,"unresolved_comment_count":0,"last_comment_updated_at":null,"project":4,"updated_by":1,"comment_authors":[]},{"id":22,"annotations":[{"id":23,"completed_by":1,"result":[{"value":{"choices":["2-Nehezen érthető"]},"id":"35iw3VBTMD","from_name":"sentiment","to_name":"text","type":"choices","origin":"manual"}],"was_cancelled":false,"ground_truth":false,"created_at":"2025-10-09T21:53:08.517758Z","updated_at":"2025-10-09T21:53:08.517808Z","draft_created_at":null,"lead_time":11.24,"prediction":{},"result_count":1,"unique_id":"4eb99418-e197-49d7-bf51-b0c352b77f50","import_id":null,"last_action":null,"bulk_created":false,"task":22,"project":4,"updated_by":1,"parent_prediction":null,"parent_annotation":null,"last_created_by":null}],"file_upload":"f4a080f3-hardverapro.txt","drafts":[],"predictions":[],"data":{"text":"1.21 A teljes Felhasználói Tartalom tekintetében az Üzemeltető az elektronikus kereskedelmi szolgáltatások, valamint az információs társadalommal összefüggő szolgáltatások egyes kérdéseiről szóló 2001. évi CVIII. törvény 2.§ lc) pontja szerinti közvetítő szolgáltatónak minősül. Ezen törvény 7.§ (3) bekezdése szerint az Üzemeltető nem köteles ellenőrizni az általa csak továbbított, tárolt, hozzáférhetővé tett információt, továbbá nem köteles olyan tényeket vagy körülményeket keresni, amelyek jogellenes tevékenység folytatására utalnak."},"meta":{},"created_at":"2025-10-09T21:47:13.563526Z","updated_at":"2025-10-09T21:53:08.885291Z","inner_id":22,"total_annotations":1,"cancelled_annotations":0,"total_predictions":0,"comment_count":0,"unresolved_comment_count":0,"last_comment_updated_at":null,"project":4,"updated_by":1,"comment_authors":[]},{"id":23,"annotations":[{"id":24,"completed_by":1,"result":[{"value":{"choices":["3-Többé\/kevésbé megértem"]},"id":"1QylZcKpxf","from_name":"sentiment","to_name":"text","type":"choices","origin":"manual"}],"was_cancelled":false,"ground_truth":false,"created_at":"2025-10-09T21:53:24.095251Z","updated_at":"2025-10-09T21:53:24.095294Z","draft_created_at":null,"lead_time":12.58,"prediction":{},"result_count":1,"unique_id":"866c21a2-fcbc-468e-b4ce-719691c45755","import_id":null,"last_action":null,"bulk_created":false,"task":23,"project":4,"updated_by":1,"parent_prediction":null,"parent_annotation":null,"last_created_by":null}],"file_upload":"f4a080f3-hardverapro.txt","drafts":[],"predictions":[],"data":{"text":"1.22 Az Üzemeltető fenntartja a jogot, hogy Felhasználói Tartalmak láthatóságát (elérhetőségét) Felhasználói fiókba való bejelentkezéshez kösse, illetve lehetővé tegye egyes Felhasználók számára más Felhasználók Felhasználói Tartalmainak elrejtését. Ezen állapotok létrejöttéről, fennállásáról vagy megszűnéséről a Szolgáltató nem értesíti a Felhasználókat."},"meta":{},"created_at":"2025-10-09T21:47:13.563586Z","updated_at":"2025-10-09T21:53:24.379373Z","inner_id":23,"total_annotations":1,"cancelled_annotations":0,"total_predictions":0,"comment_count":0,"unresolved_comment_count":0,"last_comment_updated_at":null,"project":4,"updated_by":1,"comment_authors":[]},{"id":24,"annotations":[{"id":25,"completed_by":1,"result":[{"value":{"choices":["4-Érthető"]},"id":"mElXzDvITz","from_name":"sentiment","to_name":"text","type":"choices","origin":"manual"}],"was_cancelled":false,"ground_truth":false,"created_at":"2025-10-09T21:53:39.745354Z","updated_at":"2025-10-09T21:53:39.745400Z","draft_created_at":null,"lead_time":13.7,"prediction":{},"result_count":1,"unique_id":"e2f3e009-01b0-45f0-803c-7c442a0c5c4f","import_id":null,"last_action":null,"bulk_created":false,"task":24,"project":4,"updated_by":1,"parent_prediction":null,"parent_annotation":null,"last_created_by":null}],"file_upload":"f4a080f3-hardverapro.txt","drafts":[],"predictions":[],"data":{"text":"1.23 A Felhasználó kijelenti, hogy a Szolgáltatást a jelen ÁSZF rendelkezéseinek megfelelően veszi igénybe, a Szolgáltatás igénybevétele során megadott adatai a valóságnak megfelelnek. Az Üzemeltető kizárja felelősségét a Szolgáltatás igénybevétele során megadott téves, hibás vagy hamis adatok vagy e-mail cím megadásából eredő kárért."},"meta":{},"created_at":"2025-10-09T21:47:13.563636Z","updated_at":"2025-10-09T21:53:40.122007Z","inner_id":24,"total_annotations":1,"cancelled_annotations":0,"total_predictions":0,"comment_count":0,"unresolved_comment_count":0,"last_comment_updated_at":null,"project":4,"updated_by":1,"comment_authors":[]},{"id":25,"annotations":[{"id":26,"completed_by":1,"result":[{"value":{"choices":["4-Érthető"]},"id":"6f4vdq5Ee0","from_name":"sentiment","to_name":"text","type":"choices","origin":"manual"}],"was_cancelled":false,"ground_truth":false,"created_at":"2025-10-09T21:54:01.038944Z","updated_at":"2025-10-09T21:54:01.038987Z","draft_created_at":null,"lead_time":19.191,"prediction":{},"result_count":1,"unique_id":"aa01421f-0cdb-48b1-9260-4006c7ce5e36","import_id":null,"last_action":null,"bulk_created":false,"task":25,"project":4,"updated_by":1,"parent_prediction":null,"parent_annotation":null,"last_created_by":null}],"file_upload":"f4a080f3-hardverapro.txt","drafts":[],"predictions":[],"data":{"text":"1.24 Amennyiben a Felhasználó fiókjában megadott adataiban változás történik, a Felhasználó e változásokat köteles személyes menüjében átvezetni, ennek elmaradásából eredő felelősség a Felhasználót terheli. A Felhasználó bármikor kezdeményezheti a felhasználói fiókja törlését, A Felhasználói Fiók regisztrációjának megszűnésével az Üzemeltető és a Felhasználó között létrejött jogviszony megszűnik, a Felhasználó hirdetései a Weboldalról automatikusan eltávolításra kerülnek, többé nem elérhetőek."},"meta":{},"created_at":"2025-10-09T21:47:13.563686Z","updated_at":"2025-10-09T21:54:01.384555Z","inner_id":25,"total_annotations":1,"cancelled_annotations":0,"total_predictions":0,"comment_count":0,"unresolved_comment_count":0,"last_comment_updated_at":null,"project":4,"updated_by":1,"comment_authors":[]},{"id":26,"annotations":[{"id":27,"completed_by":1,"result":[{"value":{"choices":["4-Érthető"]},"id":"sEsp5Jw_En","from_name":"sentiment","to_name":"text","type":"choices","origin":"manual"}],"was_cancelled":false,"ground_truth":false,"created_at":"2025-10-09T21:54:16.615840Z","updated_at":"2025-10-09T21:54:16.615881Z","draft_created_at":null,"lead_time":13.635,"prediction":{},"result_count":1,"unique_id":"95143226-842c-403b-a6dd-8c4d05ade1ad","import_id":null,"last_action":null,"bulk_created":false,"task":26,"project":4,"updated_by":1,"parent_prediction":null,"parent_annotation":null,"last_created_by":null}],"file_upload":"f4a080f3-hardverapro.txt","drafts":[],"predictions":[],"data":{"text":"1.25 Az Üzemeltető minden tőle telhetőt elkövet a Weboldal és a Szolgáltatások folyamatos elérhetősége érdekében, azonban nem vállal kötelezettséget a Weboldal folyamatos működtetésére, a Szolgáltatás folyamatosságának biztosítására. Az Üzemeltető nem vállal felelősséget az olyan közvetlen, vagy közvetett károkért, amelyeket az Üzemeltetőtől független körülmények okoznak."},"meta":{},"created_at":"2025-10-09T21:47:13.563734Z","updated_at":"2025-10-09T21:54:16.951785Z","inner_id":26,"total_annotations":1,"cancelled_annotations":0,"total_predictions":0,"comment_count":0,"unresolved_comment_count":0,"last_comment_updated_at":null,"project":4,"updated_by":1,"comment_authors":[]},{"id":27,"annotations":[{"id":28,"completed_by":1,"result":[{"value":{"choices":["5-Könnyen érthető"]},"id":"ylRpu-9e3E","from_name":"sentiment","to_name":"text","type":"choices","origin":"manual"}],"was_cancelled":false,"ground_truth":false,"created_at":"2025-10-09T21:54:23.919118Z","updated_at":"2025-10-09T21:54:23.919158Z","draft_created_at":null,"lead_time":5.462,"prediction":{},"result_count":1,"unique_id":"917417c7-3938-411a-bf64-d863b695e1e2","import_id":null,"last_action":null,"bulk_created":false,"task":27,"project":4,"updated_by":1,"parent_prediction":null,"parent_annotation":null,"last_created_by":null}],"file_upload":"f4a080f3-hardverapro.txt","drafts":[],"predictions":[],"data":{"text":"1.26 Panasz benyújtása az Üzemeltető felé a webmaster@hardverapro.hu vagy a PROHARDVER Informatikai Kft. 1021 Budapest Budakeszi út 37\/B. címeken lehetséges."},"meta":{},"created_at":"2025-10-09T21:47:13.563781Z","updated_at":"2025-10-09T21:54:24.275098Z","inner_id":27,"total_annotations":1,"cancelled_annotations":0,"total_predictions":0,"comment_count":0,"unresolved_comment_count":0,"last_comment_updated_at":null,"project":4,"updated_by":1,"comment_authors":[]},{"id":28,"annotations":[{"id":29,"completed_by":1,"result":[{"value":{"choices":["3-Többé\/kevésbé megértem"]},"id":"ifwkJ_suoU","from_name":"sentiment","to_name":"text","type":"choices","origin":"manual"}],"was_cancelled":false,"ground_truth":false,"created_at":"2025-10-09T21:54:39.103098Z","updated_at":"2025-10-09T21:54:39.103154Z","draft_created_at":null,"lead_time":13.288,"prediction":{},"result_count":1,"unique_id":"212c001a-6592-4494-bd7f-d8080aec11ef","import_id":null,"last_action":null,"bulk_created":false,"task":28,"project":4,"updated_by":1,"parent_prediction":null,"parent_annotation":null,"last_created_by":null}],"file_upload":"f4a080f3-hardverapro.txt","drafts":[],"predictions":[],"data":{"text":"1.27 A Felhasználói Fiók anonimizálással történő törléséről az Adatvédelmi tájékoztató IV\/5-ös pontja rendelkezik."},"meta":{},"created_at":"2025-10-09T21:47:13.563903Z","updated_at":"2025-10-09T21:54:39.442195Z","inner_id":28,"total_annotations":1,"cancelled_annotations":0,"total_predictions":0,"comment_count":0,"unresolved_comment_count":0,"last_comment_updated_at":null,"project":4,"updated_by":1,"comment_authors":[]},{"id":29,"annotations":[{"id":30,"completed_by":1,"result":[{"value":{"choices":["1-Nagyon nehezen érthető"]},"id":"1ladxG6pTF","from_name":"sentiment","to_name":"text","type":"choices","origin":"manual"}],"was_cancelled":false,"ground_truth":false,"created_at":"2025-10-09T21:54:49.716387Z","updated_at":"2025-10-09T21:54:49.716427Z","draft_created_at":null,"lead_time":8.801,"prediction":{},"result_count":1,"unique_id":"8ac78b6b-fcb0-4492-b551-179f7ce8c560","import_id":null,"last_action":null,"bulk_created":false,"task":29,"project":4,"updated_by":1,"parent_prediction":null,"parent_annotation":null,"last_created_by":null}],"file_upload":"f4a080f3-hardverapro.txt","drafts":[],"predictions":[],"data":{"text":"1.28 A Felhasználó által fizetett szolgáltatások visszatérítése: - Fizetett szolgáltatás csak abban az esetben visszatéríthető, ha az Üzemeltetőnek nem áll módjában a már kifizetett szolgáltatást szolgáltatni - A Felhasználó által vásárolt fizetett szolgáltatások visszatérítésének az Üzemeltető részéről történő megindítási határideje a Felhasználó által az Üzemeltető jelen dokumentumban megadott hivatalos elérhetőségeire küldött, a visszatérítési igényt tartalmazó levelének beérkezésétől számított 30 naptári nap - A Felhasználó által vásárolt fizetett szolgáltatások időarányosan kerülnek visszafizetésre, ha a fizetett szolgáltatások szolgáltatása megkezdődött - A Szolgáltató mentesül a visszatérítés alól, ha a Felhasználó a Felhasználói Fiók anonimizálással történő törlését kérte (Adatvédelmi Szabályzat és Tájékoztató IV\/5\/5.1 pont) vagy ha a Felhasználó által kérvényezett, Adatkezelő által elvégzett teljes adattörlést kért (Adatvédelmi Szabályzat és Tájékoztató IV\/5\/5.2 pont)"},"meta":{},"created_at":"2025-10-09T21:47:13.563963Z","updated_at":"2025-10-09T21:54:49.985449Z","inner_id":29,"total_annotations":1,"cancelled_annotations":0,"total_predictions":0,"comment_count":0,"unresolved_comment_count":0,"last_comment_updated_at":null,"project":4,"updated_by":1,"comment_authors":[]},{"id":30,"annotations":[{"id":31,"completed_by":1,"result":[{"value":{"choices":["2-Nehezen érthető"]},"id":"K0dXHjETda","from_name":"sentiment","to_name":"text","type":"choices","origin":"manual"}],"was_cancelled":false,"ground_truth":false,"created_at":"2025-10-09T21:55:03.401776Z","updated_at":"2025-10-09T21:55:03.401817Z","draft_created_at":null,"lead_time":11.914,"prediction":{},"result_count":1,"unique_id":"42686bf4-721c-4dbf-9cfa-fac6a62f3909","import_id":null,"last_action":null,"bulk_created":false,"task":30,"project":4,"updated_by":1,"parent_prediction":null,"parent_annotation":null,"last_created_by":null}],"file_upload":"f4a080f3-hardverapro.txt","drafts":[],"predictions":[],"data":{"text":"1.29 Amint egy Felhasználói Fiók Üzleti Előfizetést vásárol, véglegesen és visszavonhatatlanul Üzleti Fiókká minősül át. Az Üzleti Fiók a Felhasználói Fiókoktól eltérő (A Felhasználói Fiók és az Üzleti Fiók valamint előfizetéseik összehasonlítása oldalon részletezett) feltételekkel veheti igénybe a Szolgáltatást. A Felhasználói Fiók Üzleti fiókká átminősítését a Szolgáltató is elvégezheti a Felhasználó előzetes értesítését követően."},"meta":{},"created_at":"2025-10-09T21:47:13.564014Z","updated_at":"2025-10-09T21:55:03.674480Z","inner_id":30,"total_annotations":1,"cancelled_annotations":0,"total_predictions":0,"comment_count":0,"unresolved_comment_count":0,"last_comment_updated_at":null,"project":4,"updated_by":1,"comment_authors":[]},{"id":31,"annotations":[{"id":32,"completed_by":1,"result":[{"value":{"choices":["4-Érthető"]},"id":"BXBgjKkHeS","from_name":"sentiment","to_name":"text","type":"choices","origin":"manual"}],"was_cancelled":false,"ground_truth":false,"created_at":"2025-10-09T21:55:14.712993Z","updated_at":"2025-10-09T21:55:14.713040Z","draft_created_at":null,"lead_time":9.634,"prediction":{},"result_count":1,"unique_id":"430c999c-5c5c-4b4f-850a-ea702072fe99","import_id":null,"last_action":null,"bulk_created":false,"task":31,"project":4,"updated_by":1,"parent_prediction":null,"parent_annotation":null,"last_created_by":null}],"file_upload":"f4a080f3-hardverapro.txt","drafts":[],"predictions":[],"data":{"text":"2.1 A Szolgáltatás területén a Felhasználói Tartalom az Adminisztrátorok által ellenőrzött (kivétel: felhasználói jelszavak és a privát üzenetek). Ezen tevékenységek összességét foglalja magába a Moderáció."},"meta":{},"created_at":"2025-10-09T21:47:13.564062Z","updated_at":"2025-10-09T21:55:15.019721Z","inner_id":31,"total_annotations":1,"cancelled_annotations":0,"total_predictions":0,"comment_count":0,"unresolved_comment_count":0,"last_comment_updated_at":null,"project":4,"updated_by":1,"comment_authors":[]},{"id":32,"annotations":[{"id":33,"completed_by":1,"result":[{"value":{"choices":["3-Többé\/kevésbé megértem"]},"id":"iQZ_kXOpAH","from_name":"sentiment","to_name":"text","type":"choices","origin":"manual"}],"was_cancelled":false,"ground_truth":false,"created_at":"2025-10-09T21:55:25.556153Z","updated_at":"2025-10-09T21:55:25.556201Z","draft_created_at":null,"lead_time":8.811,"prediction":{},"result_count":1,"unique_id":"63e3ca42-cf7b-4c64-ad80-2d02011b183b","import_id":null,"last_action":null,"bulk_created":false,"task":32,"project":4,"updated_by":1,"parent_prediction":null,"parent_annotation":null,"last_created_by":null}],"file_upload":"f4a080f3-hardverapro.txt","drafts":[],"predictions":[],"data":{"text":"2.2 A Moderáció célja a Szolgáltatás üzemszerű működésének biztosítása, a Felhasználói Tartalmak jelen ÁSZF-nek és hatályos jogszabályoknak való megfelelésének garantálása és a kulturált hangnemű, konstruktív kommunikációs légkör fenntartása."},"meta":{},"created_at":"2025-10-09T21:47:13.564110Z","updated_at":"2025-10-09T21:55:25.920920Z","inner_id":32,"total_annotations":1,"cancelled_annotations":0,"total_predictions":0,"comment_count":0,"unresolved_comment_count":0,"last_comment_updated_at":null,"project":4,"updated_by":1,"comment_authors":[]},{"id":33,"annotations":[{"id":34,"completed_by":1,"result":[{"value":{"choices":["2-Nehezen érthető"]},"id":"P1eUoWpma2","from_name":"sentiment","to_name":"text","type":"choices","origin":"manual"}],"was_cancelled":false,"ground_truth":false,"created_at":"2025-10-09T21:55:41.810694Z","updated_at":"2025-10-09T21:55:41.810739Z","draft_created_at":null,"lead_time":14.141,"prediction":{},"result_count":1,"unique_id":"47432a52-2da2-438f-b2a2-8b4dee95cc1a","import_id":null,"last_action":null,"bulk_created":false,"task":33,"project":4,"updated_by":1,"parent_prediction":null,"parent_annotation":null,"last_created_by":null}],"file_upload":"f4a080f3-hardverapro.txt","drafts":[],"predictions":[],"data":{"text":"2.3 Az Adminisztrátorok a Felhasználói Tartalmat részben vagy egészében eltávolíthatják, módosíthatják."},"meta":{},"created_at":"2025-10-09T21:47:13.564156Z","updated_at":"2025-10-09T21:55:42.225521Z","inner_id":33,"total_annotations":1,"cancelled_annotations":0,"total_predictions":0,"comment_count":0,"unresolved_comment_count":0,"last_comment_updated_at":null,"project":4,"updated_by":1,"comment_authors":[]},{"id":34,"annotations":[{"id":35,"completed_by":1,"result":[{"value":{"choices":["3-Többé\/kevésbé megértem"]},"id":"SSZ5EhghCq","from_name":"sentiment","to_name":"text","type":"choices","origin":"manual"}],"was_cancelled":false,"ground_truth":false,"created_at":"2025-10-09T21:55:57.361888Z","updated_at":"2025-10-09T21:55:57.361923Z","draft_created_at":null,"lead_time":13.435,"prediction":{},"result_count":1,"unique_id":"ec3451a1-0ca6-4d49-9546-1e575da2b6a4","import_id":null,"last_action":null,"bulk_created":false,"task":34,"project":4,"updated_by":1,"parent_prediction":null,"parent_annotation":null,"last_created_by":null}],"file_upload":"f4a080f3-hardverapro.txt","drafts":[],"predictions":[],"data":{"text":"2.4 Az Adminisztrátorok a Felhasználót jelen ÁSZF-ben rögzített szabályok, valamint a hatályos magyar jogszabályok megsértésére irányuló magatartás befejezésére figyelmeztethetik, korlátozhatják a Felhasználó Weboldalhoz történő hozzáférését, valamint ideiglenesen vagy véglegesen a Felhasználói Fiókot kitilthatják."},"meta":{},"created_at":"2025-10-09T21:47:13.564204Z","updated_at":"2025-10-09T21:55:57.776862Z","inner_id":34,"total_annotations":1,"cancelled_annotations":0,"total_predictions":0,"comment_count":0,"unresolved_comment_count":0,"last_comment_updated_at":null,"project":4,"updated_by":1,"comment_authors":[]},{"id":35,"annotations":[{"id":36,"completed_by":1,"result":[{"value":{"choices":["3-Többé\/kevésbé megértem"]},"id":"98MGzRjsWg","from_name":"sentiment","to_name":"text","type":"choices","origin":"manual"}],"was_cancelled":false,"ground_truth":false,"created_at":"2025-10-09T21:56:17.630656Z","updated_at":"2025-10-09T21:56:17.630687Z","draft_created_at":null,"lead_time":18.116,"prediction":{},"result_count":1,"unique_id":"d6a42631-74d9-4180-bc56-773a15afce88","import_id":null,"last_action":null,"bulk_created":false,"task":35,"project":4,"updated_by":1,"parent_prediction":null,"parent_annotation":null,"last_created_by":null}],"file_upload":"f4a080f3-hardverapro.txt","drafts":[],"predictions":[],"data":{"text":"2.5 A Moderációs döntések véglegesek. Észrevételt tenni megalapozott indokkal és magyarázattal a Konkrét moderációval kapcsolatos kérdések-válaszok topikban lehet."},"meta":{},"created_at":"2025-10-09T21:47:13.564250Z","updated_at":"2025-10-09T21:56:18.000348Z","inner_id":35,"total_annotations":1,"cancelled_annotations":0,"total_predictions":0,"comment_count":0,"unresolved_comment_count":0,"last_comment_updated_at":null,"project":4,"updated_by":1,"comment_authors":[]},{"id":36,"annotations":[{"id":37,"completed_by":1,"result":[{"value":{"choices":["4-Érthető"]},"id":"mnLK9sSLMu","from_name":"sentiment","to_name":"text","type":"choices","origin":"manual"}],"was_cancelled":false,"ground_truth":false,"created_at":"2025-10-09T21:56:28.389991Z","updated_at":"2025-10-09T21:56:28.390095Z","draft_created_at":null,"lead_time":7.809,"prediction":{},"result_count":1,"unique_id":"497568de-dc01-4d31-ab6e-c930548b08e3","import_id":null,"last_action":null,"bulk_created":false,"task":36,"project":4,"updated_by":1,"parent_prediction":null,"parent_annotation":null,"last_created_by":null}],"file_upload":"f4a080f3-hardverapro.txt","drafts":[],"predictions":[],"data":{"text":"2.6 Moderációt kérni az alábbi módokon lehetséges: - a hardverapro.hu-n a hirdetésben található “Jelentem” feliratú gombbal - a hozzászólások jobb felső sarkában a ••• menüben található “Hozzászólás jelentése” menüpontban"},"meta":{},"created_at":"2025-10-09T21:47:13.564298Z","updated_at":"2025-10-09T21:56:28.683685Z","inner_id":36,"total_annotations":1,"cancelled_annotations":0,"total_predictions":0,"comment_count":0,"unresolved_comment_count":0,"last_comment_updated_at":null,"project":4,"updated_by":1,"comment_authors":[]},{"id":37,"annotations":[{"id":38,"completed_by":1,"result":[{"value":{"choices":["5-Könnyen érthető"]},"id":"D3OsWcmDSA","from_name":"sentiment","to_name":"text","type":"choices","origin":"manual"}],"was_cancelled":false,"ground_truth":false,"created_at":"2025-10-09T21:56:39.311830Z","updated_at":"2025-10-09T21:56:39.311875Z","draft_created_at":null,"lead_time":8.493,"prediction":{},"result_count":1,"unique_id":"2d3aee3f-0403-4c86-ac06-840c7f65f6c0","import_id":null,"last_action":null,"bulk_created":false,"task":37,"project":4,"updated_by":1,"parent_prediction":null,"parent_annotation":null,"last_created_by":null}],"file_upload":"f4a080f3-hardverapro.txt","drafts":[],"predictions":[],"data":{"text":"2.7 Moderációról emailben, privát üzenetben vagy egyéb módon történhet értesítés, azonban az Üzemeltetőnek nincs értesítési kötelezettsége."},"meta":{},"created_at":"2025-10-09T21:47:13.564344Z","updated_at":"2025-10-09T21:56:39.701277Z","inner_id":37,"total_annotations":1,"cancelled_annotations":0,"total_predictions":0,"comment_count":0,"unresolved_comment_count":0,"last_comment_updated_at":null,"project":4,"updated_by":1,"comment_authors":[]},{"id":38,"annotations":[{"id":39,"completed_by":1,"result":[{"value":{"choices":["3-Többé\/kevésbé megértem"]},"id":"wkcLtqQbeJ","from_name":"sentiment","to_name":"text","type":"choices","origin":"manual"}],"was_cancelled":false,"ground_truth":false,"created_at":"2025-10-09T21:56:50.166937Z","updated_at":"2025-10-09T21:56:50.166967Z","draft_created_at":null,"lead_time":8.963,"prediction":{},"result_count":1,"unique_id":"9b765584-b261-4325-8d65-f1c2a4057569","import_id":null,"last_action":null,"bulk_created":false,"task":38,"project":4,"updated_by":1,"parent_prediction":null,"parent_annotation":null,"last_created_by":null}],"file_upload":"f4a080f3-hardverapro.txt","drafts":[],"predictions":[],"data":{"text":"2.8 Az Adminisztrátor Moderációval nem összefüggő véleménye magánvélemény, mely nem feltétlenül tükrözi az Üzemeltető álláspontját."},"meta":{},"created_at":"2025-10-09T21:47:13.564391Z","updated_at":"2025-10-09T21:56:50.413707Z","inner_id":38,"total_annotations":1,"cancelled_annotations":0,"total_predictions":0,"comment_count":0,"unresolved_comment_count":0,"last_comment_updated_at":null,"project":4,"updated_by":1,"comment_authors":[]},{"id":39,"annotations":[{"id":40,"completed_by":1,"result":[{"value":{"choices":["4-Érthető"]},"id":"ljFrWnIJre","from_name":"sentiment","to_name":"text","type":"choices","origin":"manual"}],"was_cancelled":false,"ground_truth":false,"created_at":"2025-10-09T21:57:07.718721Z","updated_at":"2025-10-09T21:57:07.718756Z","draft_created_at":null,"lead_time":15.636,"prediction":{},"result_count":1,"unique_id":"f9b3ef2b-b3cd-4119-bc9b-ceb292131f04","import_id":null,"last_action":null,"bulk_created":false,"task":39,"project":4,"updated_by":1,"parent_prediction":null,"parent_annotation":null,"last_created_by":null}],"file_upload":"f4a080f3-hardverapro.txt","drafts":[],"predictions":[],"data":{"text":"2.9 Ha a Felhasználó Felhasználói Fiókjának kitiltása alatt újabb fiókot hoz létre, akkor az összes Felhasználói Fiókja végleges kitiltásra kerülhet és az Üzemeltető előzetes, írásbeli hozzájárulása nélkül új Felhasználói fiókot nem készíthet a Szolgáltatásban."},"meta":{},"created_at":"2025-10-09T21:47:13.564441Z","updated_at":"2025-10-09T21:57:08.026675Z","inner_id":39,"total_annotations":1,"cancelled_annotations":0,"total_predictions":0,"comment_count":0,"unresolved_comment_count":0,"last_comment_updated_at":null,"project":4,"updated_by":1,"comment_authors":[]},{"id":40,"annotations":[{"id":41,"completed_by":1,"result":[{"value":{"choices":["2-Nehezen érthető"]},"id":"NKtjlme778","from_name":"sentiment","to_name":"text","type":"choices","origin":"manual"}],"was_cancelled":false,"ground_truth":false,"created_at":"2025-10-09T21:57:16.843153Z","updated_at":"2025-10-09T21:57:16.843188Z","draft_created_at":null,"lead_time":7.142,"prediction":{},"result_count":1,"unique_id":"6182468d-1761-4e0d-9b0c-7d1da60aaa58","import_id":null,"last_action":null,"bulk_created":false,"task":40,"project":4,"updated_by":1,"parent_prediction":null,"parent_annotation":null,"last_created_by":null}],"file_upload":"f4a080f3-hardverapro.txt","drafts":[],"predictions":[],"data":{"text":"2.10 Különösen tiltott a Felhasználói Tartalomban: Bármely beavatkozás, mely hátrányosan változtatja meg a Szolgáltatás megjelenését, illetve akadályozza annak rendeltetésszerű használatát, zavarja a többi Felhasználót (például: mértéktelen hangulatjel használat, óriási méretű képek, kártékony programkódok, felesleges üres sorok, túlburjánzó díszítések és sorminták, folytonos nagybetűs írásmód, illetve a jóérzést zavaró, agresszív, kötekedő, hangulatkeltő, sértő, vulgáris, személyeskedő tartalom). Jogszabálysértés (vagy arra buzdítás), például rágalmazás, becsületsértés, kegyeletsértés, közösség elleni uszítás, rémhírterjesztés, közveszéllyel fenyegetés, önkényuralmi jelképek használata, nemzeti jelképek megsértése. Etnikai, faji, vallási, nemzeti, nemzetiségi, nemi, politikai hovatartozás sértése. A kiskorúak fejlődésére káros tartalmak (a 2010. évi CLXXXV. törvény III-IV-V-VI kategóriájába sorolható: erőszak, szexualitás stb.). „Flood” (illetve „keresztpostázás”): ugyanazon vagy nagyon hasonló tartalom egy helyen többször vagy több helyen. „Cyberbullying”: fenyegetés, zaklatás, támadás, sértő, bántó hangnem. „Flame”: erőteljes érzelmi töltetű, indulatokat gerjesztő, lejárató, elfogadható érv nélküli, valami ellen hangoló tartalom. „Trollkodás”: téma- és közösségromboló provokáció. „OFF-olás”: túlzott mennyiségű témába nem vágó tartalom. „Warez”: a szerzői jog (vagy más jogszabály) által védett szoftver, adat, szöveg, kép, hang, mozgókép, stb. jogosulatlan megosztása vagy megosztás kérése. Készülék hálózati függetlenítése. A politika és a vallás mint téma csak a linkelt topikokban kaphat helyet. „Privát üzenetek nyilvánosságra hozatala”: a Felhasználók közötti ún. privát üzeneteket a levéltitok védi, azok megosztása a másik fél hozzájárulása nélkül tilos! „Visszaélés személyes adattal”: más Felhasználó személy személyes adatainak az érintett beleegyezése nélküli közzététele. „Üzletrontás”: a hirdetésekben ne rontsd más üzletét akkor sem, ha ugyanazt a terméket olcsóbban láttad\/vetted\/adod! „Spam”: kéretlen, tömegesen küldött hirdetés, felhívás, üzenet. A hardverapro.hu és az Üzemeltető által a fórumban kijelölt topikokon (részletszabályok itt elérhetőek) kívül máshol terméket, szolgáltatást, egyebet hirdetni. Az Üzemeltető engedélye nélküli marketing tevékenység (például: nyereményjáték szervezése, stb.) (Médiaajánlatunk itt elérhető). Like-ok, szavazatok, ajánlások, stb. gyűjtése (azt csak a Like-gyűjtő, szavazatgyűjtő, kérdőívezős stb. topikban szabad). Korábban moderált tartalom ismételt elhelyezése."},"meta":{},"created_at":"2025-10-09T21:47:13.564503Z","updated_at":"2025-10-09T21:57:17.161194Z","inner_id":40,"total_annotations":1,"cancelled_annotations":0,"total_predictions":0,"comment_count":0,"unresolved_comment_count":0,"last_comment_updated_at":null,"project":4,"updated_by":1,"comment_authors":[]},{"id":41,"annotations":[{"id":42,"completed_by":1,"result":[{"value":{"choices":["4-Érthető"]},"id":"JriA0z_Vjd","from_name":"sentiment","to_name":"text","type":"choices","origin":"manual"}],"was_cancelled":false,"ground_truth":false,"created_at":"2025-10-09T21:57:24.012558Z","updated_at":"2025-10-09T21:57:24.012591Z","draft_created_at":null,"lead_time":5.309,"prediction":{},"result_count":1,"unique_id":"8073c5c5-1283-41d8-87c7-8e5bf9b24f4b","import_id":null,"last_action":null,"bulk_created":false,"task":41,"project":4,"updated_by":1,"parent_prediction":null,"parent_annotation":null,"last_created_by":null}],"file_upload":"f4a080f3-hardverapro.txt","drafts":[],"predictions":[],"data":{"text":"2.11 Tilos a következő termékek, szolgáltatások hirdetése: A 175\/2003. (X. 28.) Korm. rendeletben megemlített közbiztonságra veszélyes eszköz, robbanószer, pirotechnikai eszköz, petárda. Jövedéki termék (üzemanyag, alkohol, dohánytermékek, stb.), elektronikus cigaretta, hozzávaló alkatrész, folyadék. Értékpapír, bankbetét, bankkártya, hitelkártya, kivétel a forgalmi érték nélküli, régiségként árult termékek. Gyógyszer, kábítószer, bármilyen bódító vagy tudatmódosító szer. Légfegyver, gázfegyver, riasztófegyver, flóbert fegyver, kellékfegyver, paintball fegyver, airsoft fegyver, BB fegyver vagy bármi hasonló. Emberi szövet, szerv, szexuális tárgyú termék vagy szolgáltatás. Hamis vagy hamisított márkajelzésű, más néven klón vagy replika termékek (egy termék illegális másolatát vagy egy gyártó (márka)nevének, logójának illegális felhasználásával készült terméket hirdetni tilos). Garancialevél (jótállási jegy) termék nélkül, valamint igazolvány, bizonyítvány, oklevél, hivatalos irat, közokirat, és ezek érvényesítő szelvénye (matrica, bélyeg, pecsét stb.). Jogvédett szellemi termékek (szoftver, hangfelvétel stb.) jogellenes másolatai, vagy szoftverhez tartozó, de az eredeti terméktől különválasztott, illetve nem jogtiszta kódok, kulcsok, szelvények, adathordozók, tartozékok. Kártékony szoftver (vírus, trójai, rootkit stb.) illetve hardver (pl. keylogger) Letiltott, jelszóvédett telefon, tablet, egyéb eszköz. Bármi, ami sérti személy vagy szervezet jogát (személyiségi, kegyeleti, szabadalmi, szerzői stb.), jogos érdekét. Bármi, ami jogszabályba ütköző vagy jogellenes tevékenységre utal, illetve bűncselekményt vagy szabálysértést valósít meg. Termék vagy szolgáltatás, melynek internetes forgalmazását jogszabály tiltja. Egy konkrét termék vagy szolgáltatás egy időben többszöri hirdetése (fizetett hirdetésben lehetséges ugyanazon termék többszöri hirdetése, de az azonos terméket hirdető hirdetések közül minden egyes hirdetésnek fizetett hirdetésnek kell lennie, tehát ingyenes hirdetés mellé nem tehető fel fizetettként ugyanazt a terméket tartalmazó hirdetés) Ugyanazon termék vagy szolgáltatás 30 napon belüli ismételt meghirdetése (ezen szabálytól el lehet térni, ha a 30 napon belül ismételten feladott hirdetés fizetett hirdetés) Licit-hirdetések feladása (csak fix ár adható meg), \"clickbait\" ár, keresőeltérítés. Élő állat."},"meta":{},"created_at":"2025-10-09T21:47:13.564563Z","updated_at":"2025-10-09T21:57:24.293763Z","inner_id":41,"total_annotations":1,"cancelled_annotations":0,"total_predictions":0,"comment_count":0,"unresolved_comment_count":0,"last_comment_updated_at":null,"project":4,"updated_by":1,"comment_authors":[]}]