[{"id":2,"annotations":[{"id":58,"completed_by":1,"result":[{"value":{"choices":["5-Könnyen érthető"]},"id":"iW5qo_Sxbj","from_name":"sentiment","to_name":"text","type":"choices","origin":"manual"}],"was_cancelled":false,"ground_truth":false,"created_at":"2025-10-09T22:25:52.269568Z","updated_at":"2025-10-09T22:25:52.269587Z","draft_created_at":null,"lead_time":61.764,"prediction":{},"result_count":1,"unique_id":"61368dd7-4073-4e81-9ac6-91ace0abb004","import_id":null,"last_action":null,"bulk_created":false,"task":2,"project":6,"updated_by":1,"parent_prediction":null,"parent_annotation":null,"last_created_by":null}],"file_upload":"6809695b-zalando.txt","drafts":[],"predictions":[],"data":{"text":"1.1 A www.zalando.hu oldalon online leadott megrendelések esetén kizárólag magyar nyelvű szerződéseket kötünk. A kívánt nyelvet a weboldal fejlécében elhelyezett nyelvválasztó segítségével vagy a mobilalkalmazás 'My Account' menüpontjában választhatja ki."},"meta":{},"created_at":"2025-10-09T22:24:30.780525Z","updated_at":"2025-10-09T22:25:52.419822Z","inner_id":2,"total_annotations":1,"cancelled_annotations":0,"total_predictions":0,"comment_count":0,"unresolved_comment_count":0,"last_comment_updated_at":null,"project":6,"updated_by":1,"comment_authors":[]},{"id":3,"annotations":[{"id":59,"completed_by":1,"result":[{"value":{"choices":["3-Többé\/kevésbé megértem"]},"id":"KWxNjcm3f5","from_name":"sentiment","to_name":"text","type":"choices","origin":"manual"}],"was_cancelled":false,"ground_truth":false,"created_at":"2025-10-09T22:26:05.413472Z","updated_at":"2025-10-09T22:26:05.413502Z","draft_created_at":null,"lead_time":12.081,"prediction":{},"result_count":1,"unique_id":"609dfc51-fb86-446e-8bca-6a0e1a073e5c","import_id":null,"last_action":null,"bulk_created":false,"task":3,"project":6,"updated_by":1,"parent_prediction":null,"parent_annotation":null,"last_created_by":null}],"file_upload":"6809695b-zalando.txt","drafts":[],"predictions":[],"data":{"text":"1.2 Amikor Ön Zalando árut rendel, Ön Zalando SE-vel (székhely: Valeska-Gert-Str. 5, 10243 Berlin) köt szerződést és amikor. Amikor egy Zalando partnertől rendel terméket, a kiválasztott Terméktől függően egy vagy két szerződést fog kötni: egyetlen szerződést az érintett Zalando Partnerrel, vagy két szerződést a Zalando SE vállalattal és az érintett Zalando Partnerrel (mint közös értékesítők). Az érintett szerződéses jogviszonyra vonatkozó információk az egyes termékbemutató oldalakon találhatóak meg."},"meta":{},"created_at":"2025-10-09T22:24:30.780564Z","updated_at":"2025-10-09T22:26:05.572871Z","inner_id":3,"total_annotations":1,"cancelled_annotations":0,"total_predictions":0,"comment_count":0,"unresolved_comment_count":0,"last_comment_updated_at":null,"project":6,"updated_by":1,"comment_authors":[]},{"id":4,"annotations":[{"id":60,"completed_by":1,"result":[{"value":{"choices":["4-Érthető"]},"id":"jLPlZki30U","from_name":"sentiment","to_name":"text","type":"choices","origin":"manual"}],"was_cancelled":false,"ground_truth":false,"created_at":"2025-10-09T22:26:30.405554Z","updated_at":"2025-10-09T22:26:30.405573Z","draft_created_at":null,"lead_time":23.963,"prediction":{},"result_count":1,"unique_id":"5828f715-e868-460f-b766-631cbd83f3b7","import_id":null,"last_action":null,"bulk_created":false,"task":4,"project":6,"updated_by":1,"parent_prediction":null,"parent_annotation":null,"last_created_by":null}],"file_upload":"6809695b-zalando.txt","drafts":[],"predictions":[],"data":{"text":"1.3 A \"Vásárlás\" gombra kattintva Ön jogilag kötelező érvényű megrendelést ad le a kosarában lévő termékekre. Megrendelésének elküldését követően mi azonnal (de legkésőbb a megrendelés beérkezésétől számított 48 órán belül) e-mailben visszaigazolást küldünk Önnek a megrendeléséről. A kötelező érvényű szerződés akkor jön létre, amikor az általunk küldött, az Ön megrendelésére vonatkozó visszaigazolás az Ön részére megérkezik. A Zalando és Ön között így létrejött szerződés nem minősül írásbeli megállapodásnak, és a Zalando az Ön megrendelését követően küldött rendelési visszaigazoláson kívül az Ön vásárlásával kapcsolatos szerződést nem tartja nyilván és azt nem teszi az Ön számára később elérhetővé. A regisztráció vagy a megrendelésének leadása során megadott adatok pontosságáért, teljességéért és időszerűségéért Ön felelős. A Zalando nem vállal felelősséget a hamis, pontatlan vagy hiányos adatok miatt meghiúsult vagy sikertelen rendelésért vagy visszaküldésért. Hibásan megadott adatok esetén kérjük, lépjen vissza az adott oldalra, ahol a hibás adatot megadta, és javítsa ki a vonatkozó adatokat. Amennyiben ez a módszer nem teszi lehetővé a hibás adatok javítását, kérjük, forduljon ügyfélszolgálatunkhoz.  Felhívjuk szíves figyelmét, hogy az előlegfizetéssel megrendelt (fenntartott) tételeket a teljes vételár és a szállítási költség megfizetését követően kerülnek elküldésre. Ezért kérjük, hogy a vételár átutalásának érdekében a megrendelés visszaigazolásának kézhezvételét követően haladéktalanul, de legalább 7 napon belül szíveskedjen intézkedni. A hibásan megadott adatok kijavítását az ügyfélszolgálattal kapcsolatba lépve lehetséges kérni. Ha minden igyekezetünk ellenére egy áru (akár a Zalando, akár a Zalando partnere által értékesített áru vonatkozásában) áraként hibás ár jelenik meg a weboldalon, különösen olyan ár, amely nyilvánvalóan hibás, például jelentősen eltér az áru közismert, általánosan elfogadott vagy becsült árától, beleértve a feltűnő és nyilvánvaló értékaránytalanságot is, vagy rendszerhiba miatt az áru áraként \"0\" Ft vagy \"1\" Ft-os ár jelenik meg, a Zalando vagy a Zalando partner nem köteles az árut ilyen hibás áron szállítani, és jogosult az ilyen megrendelést törölni, azonban felajánlhatja az áru helyes áron történő szállítását, amely információ ismeretében a vásárlót megilleti a vásárlás szándékától való elállás joga. A vásárló jogosult az elállási jogát indokolás nélkül gyakorolni."},"meta":{},"created_at":"2025-10-09T22:24:30.780609Z","updated_at":"2025-10-09T22:26:30.576457Z","inner_id":4,"total_annotations":1,"cancelled_annotations":0,"total_predictions":0,"comment_count":0,"unresolved_comment_count":0,"last_comment_updated_at":null,"project":6,"updated_by":1,"comment_authors":[]},{"id":5,"annotations":[{"id":61,"completed_by":1,"result":[{"value":{"choices":["2-Nehezen érthető"]},"id":"tsswrdi5Oe","from_name":"sentiment","to_name":"text","type":"choices","origin":"manual"}],"was_cancelled":false,"ground_truth":false,"created_at":"2025-10-09T22:26:38.362379Z","updated_at":"2025-10-09T22:26:38.362398Z","draft_created_at":null,"lead_time":6.85,"prediction":{},"result_count":1,"unique_id":"21096151-41be-4208-927b-23f6098f63ac","import_id":null,"last_action":null,"bulk_created":false,"task":5,"project":6,"updated_by":1,"parent_prediction":null,"parent_annotation":null,"last_created_by":null}],"file_upload":"6809695b-zalando.txt","drafts":[],"predictions":[],"data":{"text":"1.4 Ön hozzájárul ahhoz, hogy az eladó a vételár kifizetésére vonatkozó követeléseit harmadik személyekre, különösen a Zalando Payments GmbH-ra engedményezze."},"meta":{},"created_at":"2025-10-09T22:24:30.780645Z","updated_at":"2025-10-09T22:26:38.539805Z","inner_id":5,"total_annotations":1,"cancelled_annotations":0,"total_predictions":0,"comment_count":0,"unresolved_comment_count":0,"last_comment_updated_at":null,"project":6,"updated_by":1,"comment_authors":[]},{"id":6,"annotations":[{"id":62,"completed_by":1,"result":[{"value":{"choices":["2-Nehezen érthető"]},"id":"S0GnNra9iH","from_name":"sentiment","to_name":"text","type":"choices","origin":"manual"}],"was_cancelled":false,"ground_truth":false,"created_at":"2025-10-09T22:26:53.067917Z","updated_at":"2025-10-09T22:26:53.067941Z","draft_created_at":null,"lead_time":13.686,"prediction":{},"result_count":1,"unique_id":"1bad281a-c2c7-43f1-a613-3d2b3a0586b2","import_id":null,"last_action":null,"bulk_created":false,"task":6,"project":6,"updated_by":1,"parent_prediction":null,"parent_annotation":null,"last_created_by":null}],"file_upload":"6809695b-zalando.txt","drafts":[],"predictions":[],"data":{"text":"1.5 Felhívjuk szíves figyelmét arra, hogy kivételesen semmilyen kötelezettség nem terhel bennünket az Ön megrendelésének teljesítése kapcsán, amennyiben, a beszállítóink nem szállítják le részünkre a szükséges árukészletet megfelelően vagy időben, annak ellenére, hogy mi a magunk részéről a megfelelő követtük az előírt beszerzési eljárást és gyakorlatot (megegyező beszerzési megrendelés). Ahhoz, hogy ez a kivétel alkalmazható legyen, jogilag nem lehetünk felelősek az áru elérhetetlenségéért, amely helyzetről nekünk Önt indokolatlan késedelem nélkül értesítenünk kellett. Ezen kívül, a megrendelt áru vonatkozásában nem vállalhattuk annak beszerzésével kapcsolatos kockázatot. Ha az áru nem elérhető, az Ön által teljesített kifizetéseket indokolatlan késedelem nélkül visszatérítjük."},"meta":{},"created_at":"2025-10-09T22:24:30.780680Z","updated_at":"2025-10-09T22:26:53.258154Z","inner_id":6,"total_annotations":1,"cancelled_annotations":0,"total_predictions":0,"comment_count":0,"unresolved_comment_count":0,"last_comment_updated_at":null,"project":6,"updated_by":1,"comment_authors":[]},{"id":7,"annotations":[{"id":63,"completed_by":1,"result":[{"value":{"choices":["3-Többé\/kevésbé megértem"]},"id":"7-PF0_FqPQ","from_name":"sentiment","to_name":"text","type":"choices","origin":"manual"}],"was_cancelled":false,"ground_truth":false,"created_at":"2025-10-09T22:27:13.948902Z","updated_at":"2025-10-09T22:27:13.948919Z","draft_created_at":null,"lead_time":19.75,"prediction":{},"result_count":1,"unique_id":"464d191d-45b7-4064-b268-a8e296397f50","import_id":null,"last_action":null,"bulk_created":false,"task":7,"project":6,"updated_by":1,"parent_prediction":null,"parent_annotation":null,"last_created_by":null}],"file_upload":"6809695b-zalando.txt","drafts":[],"predictions":[],"data":{"text":"1.6 Nem vállaljuk annak kockázatát, hogy a megrendelt árut máshonnan kell beszereznünk (beszerzési kockázat). Ez vonatkozik az általános árura vonatkozó megrendelésekre is (ahol csak az áru típusát és jellemzőit kerülnek meghatározásra). Csak a rendelkezésre álló készletünkből és a beszállítóinktól megrendelt készletből vagyunk kötelesek szállítani. A készletünk alatt kell érteni a Zalando partner elérhető készletét is, amennyiben a megrendelés a Zalando partner által értékesített árure vonatkozik. Magyarország területén belül szállítunk. Ahol az időtartamok munkanapokban vannak kifejezve, ott munkanap alatt a hétfőtől péntekig terjedő összes napot értjük, kivéve a munkaszüneti napokat."},"meta":{},"created_at":"2025-10-09T22:24:30.780713Z","updated_at":"2025-10-09T22:27:14.113109Z","inner_id":7,"total_annotations":1,"cancelled_annotations":0,"total_predictions":0,"comment_count":0,"unresolved_comment_count":0,"last_comment_updated_at":null,"project":6,"updated_by":1,"comment_authors":[]},{"id":8,"annotations":[{"id":64,"completed_by":1,"result":[{"value":{"choices":["5-Könnyen érthető"]},"id":"2qc0xmqSnh","from_name":"sentiment","to_name":"text","type":"choices","origin":"manual"}],"was_cancelled":false,"ground_truth":false,"created_at":"2025-10-09T22:27:20.603447Z","updated_at":"2025-10-09T22:27:20.603467Z","draft_created_at":null,"lead_time":5.568,"prediction":{},"result_count":1,"unique_id":"abf2a4fb-869f-4970-a705-ec0257b4bbd3","import_id":null,"last_action":null,"bulk_created":false,"task":8,"project":6,"updated_by":1,"parent_prediction":null,"parent_annotation":null,"last_created_by":null}],"file_upload":"6809695b-zalando.txt","drafts":[],"predictions":[],"data":{"text":"1.7 A szállítási határidőről minden egyes termék részleteit tartalmazó oldalán, valamint a megrendelés leadása előtt tájékoztatjuk Önt."},"meta":{},"created_at":"2025-10-09T22:24:30.780746Z","updated_at":"2025-10-09T22:27:20.780245Z","inner_id":8,"total_annotations":1,"cancelled_annotations":0,"total_predictions":0,"comment_count":0,"unresolved_comment_count":0,"last_comment_updated_at":null,"project":6,"updated_by":1,"comment_authors":[]},{"id":9,"annotations":[{"id":65,"completed_by":1,"result":[{"value":{"choices":["4-Érthető"]},"id":"JMfI-_SdRD","from_name":"sentiment","to_name":"text","type":"choices","origin":"manual"}],"was_cancelled":false,"ground_truth":false,"created_at":"2025-10-09T22:27:33.725694Z","updated_at":"2025-10-09T22:27:33.725714Z","draft_created_at":null,"lead_time":11.995,"prediction":{},"result_count":1,"unique_id":"188c90f4-94fe-423b-85cf-c47bee0b4ff7","import_id":null,"last_action":null,"bulk_created":false,"task":9,"project":6,"updated_by":1,"parent_prediction":null,"parent_annotation":null,"last_created_by":null}],"file_upload":"6809695b-zalando.txt","drafts":[],"predictions":[],"data":{"text":"1.8 Fenntartjuk a jogot arra, hogy ne fogadjunk el, vagy töröljünk bármely megrendelést, ha azt a megrendelést szoftver, kereső vagy bármilyen más robot illetve bármilyen automatizált rendszer vagy szkript, vagy az Ön nevében történő megrendelés leadására használt harmadik fél szolgáltatásainak használatával adják le vagy hajtják végre."},"meta":{},"created_at":"2025-10-09T22:24:30.780784Z","updated_at":"2025-10-09T22:27:33.910995Z","inner_id":9,"total_annotations":1,"cancelled_annotations":0,"total_predictions":0,"comment_count":0,"unresolved_comment_count":0,"last_comment_updated_at":null,"project":6,"updated_by":1,"comment_authors":[]},{"id":10,"annotations":[{"id":66,"completed_by":1,"result":[{"value":{"choices":["4-Érthető"]},"id":"1TsxSQpUHY","from_name":"sentiment","to_name":"text","type":"choices","origin":"manual"}],"was_cancelled":false,"ground_truth":false,"created_at":"2025-10-09T22:27:52.799936Z","updated_at":"2025-10-09T22:27:52.799953Z","draft_created_at":null,"lead_time":17.778,"prediction":{},"result_count":1,"unique_id":"305e1ce4-7081-4e32-b463-e8139e29a674","import_id":null,"last_action":null,"bulk_created":false,"task":10,"project":6,"updated_by":1,"parent_prediction":null,"parent_annotation":null,"last_created_by":null}],"file_upload":"6809695b-zalando.txt","drafts":[],"predictions":[],"data":{"text":"1.9 Fenntartjuk a jogot, hogy a feltűnően gyakori és szokatlan visszaküldési szokású vásárlókat legfeljebb 12 hónapra kizárjuk a további vásárlásokból. Ez különösen vonatkozik az ismételt aránytalan vagy visszaélésszerű, a szokásos vásárlói magatartástól eltérő visszaküldésekre."},"meta":{},"created_at":"2025-10-09T22:24:30.780819Z","updated_at":"2025-10-09T22:27:52.953771Z","inner_id":10,"total_annotations":1,"cancelled_annotations":0,"total_predictions":0,"comment_count":0,"unresolved_comment_count":0,"last_comment_updated_at":null,"project":6,"updated_by":1,"comment_authors":[]},{"id":11,"annotations":[{"id":67,"completed_by":1,"result":[{"value":{"choices":["4-Érthető"]},"id":"9LLr3-vTtE","from_name":"sentiment","to_name":"text","type":"choices","origin":"manual"}],"was_cancelled":false,"ground_truth":false,"created_at":"2025-10-09T22:28:10.499831Z","updated_at":"2025-10-09T22:28:10.499865Z","draft_created_at":null,"lead_time":16.085,"prediction":{},"result_count":1,"unique_id":"f1b0c212-dc22-4157-bab6-fff0f7db391d","import_id":null,"last_action":null,"bulk_created":false,"task":11,"project":6,"updated_by":1,"parent_prediction":null,"parent_annotation":null,"last_created_by":null}],"file_upload":"6809695b-zalando.txt","drafts":[],"predictions":[],"data":{"text":"2.1 Az ajánlatban az ott megadott, a megrendelés leadásának napján érvényes árak alkalmazandók. A weboldalon található árukra vagy egyéb szolgáltatásokra vonatkozó árak magyar forintban (HUF) értendők.  A feltüntetett árak végleges árak (végösszegek), azaz tartalmazzák a mindenkor hatályos törvényes mértékű általános forgalmi adót. Az áru a vételár teljes kiegyenlítéséig a mi tulajdonunkban, illetve, amennyiben alkalmazandó, az adott Zalando partner tulajdona marad."},"meta":{},"created_at":"2025-10-09T22:24:30.780856Z","updated_at":"2025-10-09T22:28:10.672636Z","inner_id":11,"total_annotations":1,"cancelled_annotations":0,"total_predictions":0,"comment_count":0,"unresolved_comment_count":0,"last_comment_updated_at":null,"project":6,"updated_by":1,"comment_authors":[]},{"id":12,"annotations":[{"id":68,"completed_by":1,"result":[{"value":{"choices":["4-Érthető"]},"id":"NFfMjUw_hF","from_name":"sentiment","to_name":"text","type":"choices","origin":"manual"}],"was_cancelled":false,"ground_truth":false,"created_at":"2025-10-09T22:28:23.846538Z","updated_at":"2025-10-09T22:28:23.846560Z","draft_created_at":null,"lead_time":12.213,"prediction":{},"result_count":1,"unique_id":"8c1268ae-348f-4a8f-8322-21d98b4769fa","import_id":null,"last_action":null,"bulk_created":false,"task":12,"project":6,"updated_by":1,"parent_prediction":null,"parent_annotation":null,"last_created_by":null}],"file_upload":"6809695b-zalando.txt","drafts":[],"predictions":[],"data":{"text":"2.2 Ft 5,990 vagy magasabb összegű megrendelés esetén a szállítás ingyenes. Ft 5,990 alatti megrendelések esetén a kiszállítás díja Ft 990, beleértve az ÁFA-t is. A díj a megrendelés nagyságából adódó költségekre vonatkozik, többek között a szállítási kezelési és egyéb szolgáltatásokra. A költségek a Zalando által keletkeznek és a Zalando számítja fel őket."},"meta":{},"created_at":"2025-10-09T22:24:30.780892Z","updated_at":"2025-10-09T22:28:24.024671Z","inner_id":12,"total_annotations":1,"cancelled_annotations":0,"total_predictions":0,"comment_count":0,"unresolved_comment_count":0,"last_comment_updated_at":null,"project":6,"updated_by":1,"comment_authors":[]},{"id":13,"annotations":[{"id":69,"completed_by":1,"result":[{"value":{"choices":["3-Többé\/kevésbé megértem"]},"id":"J803m_Gqmc","from_name":"sentiment","to_name":"text","type":"choices","origin":"manual"}],"was_cancelled":false,"ground_truth":false,"created_at":"2025-10-09T22:28:35.015762Z","updated_at":"2025-10-09T22:28:35.015780Z","draft_created_at":null,"lead_time":9.521,"prediction":{},"result_count":1,"unique_id":"5dca4a38-1aa0-4bcc-8154-a5f5584a9141","import_id":null,"last_action":null,"bulk_created":false,"task":13,"project":6,"updated_by":1,"parent_prediction":null,"parent_annotation":null,"last_created_by":null}],"file_upload":"6809695b-zalando.txt","drafts":[],"predictions":[],"data":{"text":"2.3 A sürgősségi kiszállítás bizonyos megrendelések esetén elérhető. A megrendelés leadásakor látni fogja, hogy ez a lehetőség elérhető-e az adott megrendeléshez, valamint az ezzel a lehetőséggel járó költségeket. Az árukat legkésőbb 2 munkanapon belül kiszállítjuk. Ha az áru nem érkezik meg ezen a szállítási határidőn belül, természetesen visszatérítjük Önnek a szállítási költséget."},"meta":{},"created_at":"2025-10-09T22:24:30.780921Z","updated_at":"2025-10-09T22:28:35.215394Z","inner_id":13,"total_annotations":1,"cancelled_annotations":0,"total_predictions":0,"comment_count":0,"unresolved_comment_count":0,"last_comment_updated_at":null,"project":6,"updated_by":1,"comment_authors":[]},{"id":14,"annotations":[{"id":70,"completed_by":1,"result":[{"value":{"choices":["4-Érthető"]},"id":"_7RBRwRzrc","from_name":"sentiment","to_name":"text","type":"choices","origin":"manual"}],"was_cancelled":false,"ground_truth":false,"created_at":"2025-10-09T22:28:53.276036Z","updated_at":"2025-10-09T22:28:53.276055Z","draft_created_at":null,"lead_time":17.127,"prediction":{},"result_count":1,"unique_id":"85b127e1-bde8-48c1-aa0a-1a1e281ee26d","import_id":null,"last_action":null,"bulk_created":false,"task":14,"project":6,"updated_by":1,"parent_prediction":null,"parent_annotation":null,"last_created_by":null}],"file_upload":"6809695b-zalando.txt","drafts":[],"predictions":[],"data":{"text":"3.1 Általános jelleggel a következő fizetési módokat fogadjuk el: készpénz előleg, hitelkártya, átutalás és Paypal-on keresztül történő fizetés. Fenntartjuk a jogot, hogy bizonyos fizetési módokat egy adott megrendelésnél ne fogadjunk el, és más fizetési módokat írjunk elő. Felhívjuk figyelmét, hogy csak az Európai Unión (EU) belüli számlákról történő fizetéseket fogadunk el. A tranzakcióval kapcsolatosan felmerült költségek Önt terhelik."},"meta":{},"created_at":"2025-10-09T22:24:30.780951Z","updated_at":"2025-10-09T22:28:53.424556Z","inner_id":14,"total_annotations":1,"cancelled_annotations":0,"total_predictions":0,"comment_count":0,"unresolved_comment_count":0,"last_comment_updated_at":null,"project":6,"updated_by":1,"comment_authors":[]},{"id":15,"annotations":[{"id":71,"completed_by":1,"result":[{"value":{"choices":["5-Könnyen érthető"]},"id":"H9iZ_dkqE6","from_name":"sentiment","to_name":"text","type":"choices","origin":"manual"}],"was_cancelled":false,"ground_truth":false,"created_at":"2025-10-09T22:28:59.038440Z","updated_at":"2025-10-09T22:28:59.038457Z","draft_created_at":null,"lead_time":4.61,"prediction":{},"result_count":1,"unique_id":"1c9d1fa9-4c6b-4d5f-b0d4-fefd932a28f7","import_id":null,"last_action":null,"bulk_created":false,"task":15,"project":6,"updated_by":1,"parent_prediction":null,"parent_annotation":null,"last_created_by":null}],"file_upload":"6809695b-zalando.txt","drafts":[],"predictions":[],"data":{"text":"3.2 Hitelkártyás vásárlás esetén a kártyáját akkor terheljük meg, amikor a megrendelése általunk feladásra kerül."},"meta":{},"created_at":"2025-10-09T22:24:30.780976Z","updated_at":"2025-10-09T22:28:59.213925Z","inner_id":15,"total_annotations":1,"cancelled_annotations":0,"total_predictions":0,"comment_count":0,"unresolved_comment_count":0,"last_comment_updated_at":null,"project":6,"updated_by":1,"comment_authors":[]},{"id":16,"annotations":[{"id":72,"completed_by":1,"result":[{"value":{"choices":["4-Érthető"]},"id":"dZ6IrweZHN","from_name":"sentiment","to_name":"text","type":"choices","origin":"manual"}],"was_cancelled":false,"ground_truth":false,"created_at":"2025-10-09T22:29:09.068897Z","updated_at":"2025-10-09T22:29:09.068916Z","draft_created_at":null,"lead_time":8.934,"prediction":{},"result_count":1,"unique_id":"e347c821-c51a-449c-93e7-e9c9e542ef81","import_id":null,"last_action":null,"bulk_created":false,"task":16,"project":6,"updated_by":1,"parent_prediction":null,"parent_annotation":null,"last_created_by":null}],"file_upload":"6809695b-zalando.txt","drafts":[],"predictions":[],"data":{"text":"3.3 Ha Ön későbbi teljesítéssel, átutalás útján fizet, a megrendelés leadása előtt tájékoztatjuk Önt a vételár esedékességének időpontjáról."},"meta":{},"created_at":"2025-10-09T22:24:30.781002Z","updated_at":"2025-10-09T22:29:09.259680Z","inner_id":16,"total_annotations":1,"cancelled_annotations":0,"total_predictions":0,"comment_count":0,"unresolved_comment_count":0,"last_comment_updated_at":null,"project":6,"updated_by":1,"comment_authors":[]},{"id":17,"annotations":[{"id":73,"completed_by":1,"result":[{"value":{"choices":["5-Könnyen érthető"]},"id":"pmt7hw-Qmg","from_name":"sentiment","to_name":"text","type":"choices","origin":"manual"}],"was_cancelled":false,"ground_truth":false,"created_at":"2025-10-09T22:29:15.017909Z","updated_at":"2025-10-09T22:29:15.017930Z","draft_created_at":null,"lead_time":4.768,"prediction":{},"result_count":1,"unique_id":"563b4720-aa0c-4f04-a57a-12006d53b5a3","import_id":null,"last_action":null,"bulk_created":false,"task":17,"project":6,"updated_by":1,"parent_prediction":null,"parent_annotation":null,"last_created_by":null}],"file_upload":"6809695b-zalando.txt","drafts":[],"predictions":[],"data":{"text":"3.4 Ön hozzájárul ahhoz, hogy a számláit és jóváírásait kizárólag elektronikus formában kapja meg."},"meta":{},"created_at":"2025-10-09T22:24:30.781028Z","updated_at":"2025-10-09T22:29:15.188018Z","inner_id":17,"total_annotations":1,"cancelled_annotations":0,"total_predictions":0,"comment_count":0,"unresolved_comment_count":0,"last_comment_updated_at":null,"project":6,"updated_by":1,"comment_authors":[]},{"id":18,"annotations":[{"id":74,"completed_by":1,"result":[{"value":{"choices":["5-Könnyen érthető"]},"id":"QHY3G9wLIw","from_name":"sentiment","to_name":"text","type":"choices","origin":"manual"}],"was_cancelled":false,"ground_truth":false,"created_at":"2025-10-09T22:29:22.349471Z","updated_at":"2025-10-09T22:29:22.349491Z","draft_created_at":null,"lead_time":6.289,"prediction":{},"result_count":1,"unique_id":"44c19fd9-6a72-48af-9526-e56fcee7ce92","import_id":null,"last_action":null,"bulk_created":false,"task":18,"project":6,"updated_by":1,"parent_prediction":null,"parent_annotation":null,"last_created_by":null}],"file_upload":"6809695b-zalando.txt","drafts":[],"predictions":[],"data":{"text":"4.1 A promóciós utalványok olyan utalványok, amelyeket nem lehet megvásárolni, hanem azok reklámkampányok során kerülnek kiadásra és csak meghatározott ideig érvényesek."},"meta":{},"created_at":"2025-10-09T22:24:30.781056Z","updated_at":"2025-10-09T22:29:22.508734Z","inner_id":18,"total_annotations":1,"cancelled_annotations":0,"total_predictions":0,"comment_count":0,"unresolved_comment_count":0,"last_comment_updated_at":null,"project":6,"updated_by":1,"comment_authors":[]},{"id":19,"annotations":[{"id":75,"completed_by":1,"result":[{"value":{"choices":["3-Többé\/kevésbé megértem"]},"id":"Zznqztvwek","from_name":"sentiment","to_name":"text","type":"choices","origin":"manual"}],"was_cancelled":false,"ground_truth":false,"created_at":"2025-10-09T22:29:37.425011Z","updated_at":"2025-10-09T22:29:37.425029Z","draft_created_at":null,"lead_time":13.939,"prediction":{},"result_count":1,"unique_id":"75f5646e-3cda-4608-9ae0-1c42b144a477","import_id":null,"last_action":null,"bulk_created":false,"task":19,"project":6,"updated_by":1,"parent_prediction":null,"parent_annotation":null,"last_created_by":null}],"file_upload":"6809695b-zalando.txt","drafts":[],"predictions":[],"data":{"text":"4.2 A promóciós utalványokat csak a megadott időszakon belül, egy megrendeléssel kapcsolatban és csak egy alkalommal válthatóak be. Bizonyos márkák kihagyhatóak a promócióból. A promóciós utalványok nem használhatók fel ajándékutalványok vásárlására. Felhívjuk figyelmét, hogy a promóciós utalványok felhasználására minimális rendelési érték vonatkozhat."},"meta":{},"created_at":"2025-10-09T22:24:30.781085Z","updated_at":"2025-10-09T22:29:37.593399Z","inner_id":19,"total_annotations":1,"cancelled_annotations":0,"total_predictions":0,"comment_count":0,"unresolved_comment_count":0,"last_comment_updated_at":null,"project":6,"updated_by":1,"comment_authors":[]},{"id":20,"annotations":[{"id":76,"completed_by":1,"result":[{"value":{"choices":["4-Érthető"]},"id":"ViR3X7A1r-","from_name":"sentiment","to_name":"text","type":"choices","origin":"manual"}],"was_cancelled":false,"ground_truth":false,"created_at":"2025-10-09T22:29:54.725477Z","updated_at":"2025-10-09T22:29:54.725494Z","draft_created_at":null,"lead_time":16.189,"prediction":{},"result_count":1,"unique_id":"61a1b6ef-b6b6-4d80-bf25-30b95fc3f030","import_id":null,"last_action":null,"bulk_created":false,"task":20,"project":6,"updated_by":1,"parent_prediction":null,"parent_annotation":null,"last_created_by":null}],"file_upload":"6809695b-zalando.txt","drafts":[],"predictions":[],"data":{"text":"4.3 Az áru értékének meg kell egyeznie vagy meg kell haladnia a promóciós utalvány értékét. Ha az utalvány nem fedezi az áru értékét, a különbözetet az elfogadott fizetési módok bármelyikével lehetséges kiegyenlíteni. A promóciós utalványok értéke nem kerül készpénzben kifizetésre és az nem kamatozik. A promóciós utalványok nem kerülnek visszatérítésre, ha az áru részben vagy egészben visszaküldésre kerül."},"meta":{},"created_at":"2025-10-09T22:24:30.781114Z","updated_at":"2025-10-09T22:29:54.892297Z","inner_id":20,"total_annotations":1,"cancelled_annotations":0,"total_predictions":0,"comment_count":0,"unresolved_comment_count":0,"last_comment_updated_at":null,"project":6,"updated_by":1,"comment_authors":[]},{"id":21,"annotations":[{"id":77,"completed_by":1,"result":[{"value":{"choices":["4-Érthető"]},"id":"SFX5bKXYfa","from_name":"sentiment","to_name":"text","type":"choices","origin":"manual"}],"was_cancelled":false,"ground_truth":false,"created_at":"2025-10-09T22:30:08.708100Z","updated_at":"2025-10-09T22:30:08.708117Z","draft_created_at":null,"lead_time":12.476,"prediction":{},"result_count":1,"unique_id":"90e624ad-fe8a-4435-bcb9-dfca31fe5d07","import_id":null,"last_action":null,"bulk_created":false,"task":21,"project":6,"updated_by":1,"parent_prediction":null,"parent_annotation":null,"last_created_by":null}],"file_upload":"6809695b-zalando.txt","drafts":[],"predictions":[],"data":{"text":"4.4 A promóciós utalványok csak a rendelési folyamat befejezése előtt válthatóak be. Az utalványok utólagos alkalmazására nincs lehetőség. Az akciós utalványok harmadik félre való átruházása nem lehetséges. Eltérő megállapodás hiányában, több promóciós utalvány együttes alkalmazása nem lehet lehetséges."},"meta":{},"created_at":"2025-10-09T22:24:30.781142Z","updated_at":"2025-10-09T22:30:08.858484Z","inner_id":21,"total_annotations":1,"cancelled_annotations":0,"total_predictions":0,"comment_count":0,"unresolved_comment_count":0,"last_comment_updated_at":null,"project":6,"updated_by":1,"comment_authors":[]},{"id":22,"annotations":[{"id":78,"completed_by":1,"result":[{"value":{"choices":["3-Többé\/kevésbé megértem"]},"id":"J14Vm7FEJO","from_name":"sentiment","to_name":"text","type":"choices","origin":"manual"}],"was_cancelled":false,"ground_truth":false,"created_at":"2025-10-09T22:30:21.341062Z","updated_at":"2025-10-09T22:30:21.341079Z","draft_created_at":null,"lead_time":11.495,"prediction":{},"result_count":1,"unique_id":"8ee5ff4e-2686-4f49-b500-9e35391e9268","import_id":null,"last_action":null,"bulk_created":false,"task":22,"project":6,"updated_by":1,"parent_prediction":null,"parent_annotation":null,"last_created_by":null}],"file_upload":"6809695b-zalando.txt","drafts":[],"predictions":[],"data":{"text":"4.5 Ha Ön vásárlása során promóciós utalványt használt fel, azonban az Ön elállása folytán a megrendelésének összértéke kevesebb vagy egyenlő a promóciós utalvány értékével, fenntartjuk a jogunkat arra, hogy Ön által megtartott áru vonatkozásában az adott áru eredeti árát felszámítsuk Önnek."},"meta":{},"created_at":"2025-10-09T22:24:30.781170Z","updated_at":"2025-10-09T22:30:21.513758Z","inner_id":22,"total_annotations":1,"cancelled_annotations":0,"total_predictions":0,"comment_count":0,"unresolved_comment_count":0,"last_comment_updated_at":null,"project":6,"updated_by":1,"comment_authors":[]},{"id":23,"annotations":[{"id":79,"completed_by":1,"result":[{"value":{"choices":["1-Nagyon nehezen érthető"]},"id":"1O_CxF1BFO","from_name":"sentiment","to_name":"text","type":"choices","origin":"manual"}],"was_cancelled":false,"ground_truth":false,"created_at":"2025-10-09T22:30:25.233494Z","updated_at":"2025-10-09T22:30:25.233512Z","draft_created_at":null,"lead_time":2.91,"prediction":{},"result_count":1,"unique_id":"4b049f6e-0e19-4ce8-a980-d60a1dc4de9a","import_id":null,"last_action":null,"bulk_created":false,"task":23,"project":6,"updated_by":1,"parent_prediction":null,"parent_annotation":null,"last_created_by":null}],"file_upload":"6809695b-zalando.txt","drafts":[],"predictions":[],"data":{"text":"5. Törvényes elállási jog a Zalando áruk tekintetében, amikor Zalando árut vásárol, Önt törvényes elállási jog illeti meg: Az első dolog, amit tudnia kell, hogy ha az áru visszaküldése mellett dönt, hogy ennek érdekében használhatja a megrendeléséhez mellékelt visszaküldési címkét, vagy azt az ügyfélfiókjának oldaláról ki is nyomtathatja. Ha nincs hozzáférése nyomtatóhoz, esetleg problémái adódnak a visszaküldési címke letöltésével, vagy ha új visszaküldési címke szükséges, akkor kapcsolatba léphet az ügyfélszolgálattal új címke igénylése érdekében (elérhetőségeket lásd alább). Kérjük, segítsen nekünk elkerülni a felesleges költségeket azzal, hogy áru visszaküldésekor minden esetben használja a visszaküldési címkét. Ön jogosult a jelen szerződéstől 14 napon belül indokolás nélkül elállni. Az elállási határidő attól a naptól számított 14 nap, amikor Ön vagy az Ön által megjelölt harmadik személy (aki nem a fuvarozó) az utolsó árut is átvette. Az elállási jog gyakorlása érdekében, az erre irányuló szándékát tartalmazó egyértelmű nyilatkozat megküldésével, értesítenie kell bennünket minket (Zalando SE, Valeska-Gert-Str. 5, 10243 Berlin, Telefon: 0680021598, e-mail: elallas@zalando.hu) a szerződéstől való elállásra vonatkozó döntéséről (pl. postai úton küldött levél, fax vagy e-mail). Amennyiben szeretné, ehhez használhatja a mellékelt elállási formanyomtatványt, de ez nem kötelező. Az elállási formanyomtatványt vagy más egyértelmű nyilatkozatot online is kitöltheti és elküldheti a honlapunkon található kapcsolatfelvételi űrlapon keresztül. Ha az elállási nyilatkozatát online nyújtja be, annak kézhezvételéről Önnek késedelem nélkül (pl. e-mailben) visszaigazolást küldünk. Az elállásra vonatkozó határidő Ön által betartottan minősül, amennyiben az elállásra vonatkozó nyilatkozatát a vonatkozó határidő lejárta előtt számunkra elküldi. Ha Ön eláll ettől a szerződéstől, haladéktalanul, de legkésőbb az Ön elállási nyilatkozatának kézhezvételétől számított 14 napon belül visszatérítjük az Ön által teljesített valamennyi ellenszolgáltatást, ideértve a fuvarozási költséget is (kivéve azokat a többletköltségeket, amelyek amiatt merültek fel, hogy Ön az általunk felkínált, legolcsóbb szokásos fuvarozási módtól eltérő fuvarozási módot választott.) A visszatérítéseket ugyanazzal a fizetési móddal dolgozzuk fel, amelyet Ön az eredeti tranzakció során használt, kivéve, ha kifejezetten másképp állapodtunk meg Önnel. A visszatérítésért semmilyen díjat nem számítunk fel Önnek. Visszatarthatjuk a visszatérítés teljesítését, amíg vissza nem kapjuk az árut, vagy amíg Ön nem szolgáltat nekünk bizonyítékot arra vonatkozóan, hogy az árut visszaküldte, attól függően, hogy melyik következik be korábban. Ön köteles az összes árut indokolatlan késedelem nélkül, de legkésőbb attól a naptól számított 14 napon belül visszaküldeni vagy átadni nekünk, amikor Ön a jelen szerződéstől való elállásról értesített minket. A fenti követelményt teljesítettnek tekintendő, ha Ön a 14 napos határidő lejárta előtt visszaküldi az árut. Mi vállaljuk a visszaküldés költségeit, feltéve, hogy Ön az általunk biztosított visszaküldési címkét használja az abból az országból történő szállításhoz, ahová a szállítást végeztük Önnek, ellenkező esetben a visszaküldés költségeit Önnek kell megfizetnie. Ön kizárólag akkor vonható felelősségre a termékben bekövetkezett értékcsökkenésért, ha az a termék jellegének, tulajdonságainak és működésének megállapításához szükséges használatot meghaladó és nem megfelelő használat miatt következett be."},"meta":{},"created_at":"2025-10-09T22:24:30.781211Z","updated_at":"2025-10-09T22:30:25.403382Z","inner_id":23,"total_annotations":1,"cancelled_annotations":0,"total_predictions":0,"comment_count":0,"unresolved_comment_count":0,"last_comment_updated_at":null,"project":6,"updated_by":1,"comment_authors":[]},{"id":24,"annotations":[{"id":80,"completed_by":1,"result":[{"value":{"choices":["1-Nagyon nehezen érthető"]},"id":"kbZvTgdD7K","from_name":"sentiment","to_name":"text","type":"choices","origin":"manual"}],"was_cancelled":false,"ground_truth":false,"created_at":"2025-10-09T22:30:30.909266Z","updated_at":"2025-10-09T22:30:30.909286Z","draft_created_at":null,"lead_time":4.698,"prediction":{},"result_count":1,"unique_id":"4198ef8f-35a7-40c4-9938-419214e5c18b","import_id":null,"last_action":null,"bulk_created":false,"task":24,"project":6,"updated_by":1,"parent_prediction":null,"parent_annotation":null,"last_created_by":null}],"file_upload":"6809695b-zalando.txt","drafts":[],"predictions":[],"data":{"text":"6. Törvényes elállási jog a Zalando partner áruk tekintetében amikor Zalando partner árut vásárol, Önt törvényes elállási jog illeti meg: Az első dolog, amit tudnia kell, hogy ha az áru visszaküldése mellett dönt, ennek érdekében a megrendeléséhez mellékelt visszaküldési címkét használhatja. Ha új visszaküldési címke szükséges, akkor kapcsolatba léphet az ügyfélszolgálattal új címke igénylése érdekében (elérhetőségeket lásd alább). Kérjük, segítsen nekünk elkerülni a felesleges költségeket azzal, hogy áru visszaküldésekor minden esetben használja a visszaküldési címkét. Ön jogosult a jelen szerződéstől 14 napon belül indokolás nélkül elállni. Az elállási határidő attól a naptól számított 14 nap, amikor Ön vagy az Ön által megjelölt harmadik személy (aki nem a fuvarozó) az utolsó árut is átvette. Az elállási jog gyakorlása érdekében, az erre irányuló szándékát tartalmazó egyértelmű nyilatkozat megküldésével, értesítenie kell bennünket minket (Zalando SE, Valeska-Gert-Str. 5, 10243 Berlin, Telefon: 0680021598, Telefax: +49 (0)30 2759 46 93, e-mail: elallas@zalando.hu) vagy az érintett Zalando partnerünket a szerződéstől való elállásra vonatkozó döntéséről (pl. postai úton küldött levél, fax vagy e-mail). A vonatkozó kapcsolattartási információk az egyes termékek oldalán a Partner nevére kattintva és felugró ablakban lefelé, a visszavonási információkra görgetve érhetőek el. Amennyiben szeretné, ehhez használhatja a mellékelt elállási formanyomtatványt, de ez nem kötelező. Az elállásra vonatkozó határidő Ön által betartottan minősül, amennyiben az elállása vonatkozó nyilatkozatát a vonatkozó határidő lejárta előtt számunkra elküldi. Ha Ön eláll ettől a szerződéstől, haladéktalanul, de legkésőbb az Ön elállási nyilatkozatának általunk vagy a Zalando partnerünk általi kézhezvételétől számított 14 napon belül visszatérítjük az Ön által teljesített valamennyi ellenszolgáltatást, ideértve a fuvarozási költséget is (kivéve azokat a többletköltségeket, amelyek amiatt merültek fel, hogy Ön az általunk felkínált, legolcsóbb szokásos fuvarozási módtól eltérő fuvarozási módot választott). A visszatérítéseket ugyanazzal a fizetési móddal dolgozzuk fel, amelyet Ön az eredeti tranzakció során használt, kivéve, ha kifejezetten másképp állapodtunk meg Önnel. A visszatérítésért semmilyen díjat nem számítunk fel Önnek. Visszatarthatjuk a visszatérítés teljesítését, amíg mi vagy az érintett Zalando partner vissza nem kapta az árut, vagy amíg Ön nem szolgáltat nekünk bizonyítékot arra vonatkozóan, hogy az árut visszaküldte, attól függően, hogy melyik következik be korábban. Ön köteles az összes árut indokolatlan késedelem nélkül, de legkésőbb attól a naptól számított 14 napon belül visszaküldeni vagy átadni nekünk, vagy a Zalando partnernek, amikor Ön a jelen szerződéstől való elállásról értesített minket. Minden termék weboldalán talál egy linket, amely a vonatkozó Zalando partner elérhetőségé tartalmazza. A vonatkozó elérhetőségi adatokat megtalálja továbbá a \" Elállási joggal kapcsolatos tájékoztatás \" elnevezésű című PDF-fájlban is, amelyet az Ön megrendeléséhez tartozó visszaigazoláshoz mellékelve küldünk Önnek. A fenti követelményt teljesítettnek tekintendő, ha Ön a 14 napos határidő lejárta előtt visszaküldi az árut. Mi vállaljuk a visszaküldés költségeit, feltéve, hogy Ön az általunk biztosított visszaküldési címkét használja az abból az országból történő szállításhoz, ahová a szállítást végeztük Önnek, ellenkező esetben a visszaküldés költségeit Önnek kell megfizetnie. Ön kizárólag akkor vonható felelősségre a termékben bekövetkezett értékcsökkenésért, ha az a termék jellegének, tulajdonságainak és működésének megállapításához szükséges használatot meghaladó és nem megfelelő használat miatt következett be."},"meta":{},"created_at":"2025-10-09T22:24:30.781252Z","updated_at":"2025-10-09T22:30:31.053362Z","inner_id":24,"total_annotations":1,"cancelled_annotations":0,"total_predictions":0,"comment_count":0,"unresolved_comment_count":0,"last_comment_updated_at":null,"project":6,"updated_by":1,"comment_authors":[]},{"id":25,"annotations":[{"id":81,"completed_by":1,"result":[{"value":{"choices":["3-Többé\/kevésbé megértem"]},"id":"X6bvoNRB6e","from_name":"sentiment","to_name":"text","type":"choices","origin":"manual"}],"was_cancelled":false,"ground_truth":false,"created_at":"2025-10-09T22:30:43.263711Z","updated_at":"2025-10-09T22:30:43.263738Z","draft_created_at":null,"lead_time":11.338,"prediction":{},"result_count":1,"unique_id":"ac2055cc-042a-4261-be41-54ce684c03cc","import_id":null,"last_action":null,"bulk_created":false,"task":25,"project":6,"updated_by":1,"parent_prediction":null,"parent_annotation":null,"last_created_by":null}],"file_upload":"6809695b-zalando.txt","drafts":[],"predictions":[],"data":{"text":"7.1 Az Ön törvényes elállási jogának sérelme nélkül lehetőséget biztosítunk Önnek arra, hogy az árut a kézhezvételtől számított 30 napon belül visszaküldje. Ez a visszaküldési lehetőség lehetővé teszi Önnek, hogy a 14 napos elállási határidő lejárta után is (lásd a fenti \" Elállási joggal kapcsolatos tájékoztatás \" című részt), az áru átvételétől számított 30 napon belül (ez a határidő az áru átvételétől kezdődik), az áru hozzánk vagy Zalando partnertől való vásárlás esetén a Zalando partnerünkhöz történő visszaküldésével, elálljon a szerződéstől."},"meta":{},"created_at":"2025-10-09T22:24:30.781280Z","updated_at":"2025-10-09T22:30:43.411857Z","inner_id":25,"total_annotations":1,"cancelled_annotations":0,"total_predictions":0,"comment_count":0,"unresolved_comment_count":0,"last_comment_updated_at":null,"project":6,"updated_by":1,"comment_authors":[]},{"id":26,"annotations":[{"id":82,"completed_by":1,"result":[{"value":{"choices":["4-Érthető"]},"id":"wT5SfRN2mO","from_name":"sentiment","to_name":"text","type":"choices","origin":"manual"}],"was_cancelled":false,"ground_truth":false,"created_at":"2025-10-09T22:30:53.133580Z","updated_at":"2025-10-09T22:30:53.133597Z","draft_created_at":null,"lead_time":8.814,"prediction":{},"result_count":1,"unique_id":"ca4bd361-a8e2-4e82-8fd4-a689a5abac34","import_id":null,"last_action":null,"bulk_created":false,"task":26,"project":6,"updated_by":1,"parent_prediction":null,"parent_annotation":null,"last_created_by":null}],"file_upload":"6809695b-zalando.txt","drafts":[],"predictions":[],"data":{"text":"7.2 Ha Zalando árut küld vissza, használhatja a megrendeléséhez mellékelt visszaküldési címkét, vagy azt az ügyfélfiókjának oldaláról ki is nyomtathatja. Kérjük, vegye fel a kapcsolatot az ügyfélszolgálattal, ha problémái vannak a visszaküldési címke letöltésével, vagy ha nem rendelkezik nyomtatóval."},"meta":{},"created_at":"2025-10-09T22:24:30.781306Z","updated_at":"2025-10-09T22:30:53.300783Z","inner_id":26,"total_annotations":1,"cancelled_annotations":0,"total_predictions":0,"comment_count":0,"unresolved_comment_count":0,"last_comment_updated_at":null,"project":6,"updated_by":1,"comment_authors":[]},{"id":27,"annotations":[{"id":83,"completed_by":1,"result":[{"value":{"choices":["4-Érthető"]},"id":"cy8jKWPuPI","from_name":"sentiment","to_name":"text","type":"choices","origin":"manual"}],"was_cancelled":false,"ground_truth":false,"created_at":"2025-10-09T22:31:13.827234Z","updated_at":"2025-10-09T22:31:13.827256Z","draft_created_at":null,"lead_time":18.304,"prediction":{},"result_count":1,"unique_id":"6eea595e-6b97-497c-a242-e85de515abbb","import_id":null,"last_action":null,"bulk_created":false,"task":27,"project":6,"updated_by":1,"parent_prediction":null,"parent_annotation":null,"last_created_by":null}],"file_upload":"6809695b-zalando.txt","drafts":[],"predictions":[],"data":{"text":"7.3 Ha Zalando partner áruját küldi vissza, használhatja a megrendeléséhez mellékelt visszaküldési címkét. Egyéb esetben az egyes termékek weboldalán található link tartalmazza a megfelelő Zalando partner elérhetőségét. Elérhetőségeiket megtalálja továbbá az általunk küldött rendelés visszaigazoláshoz csatolt \"Elállási joggal kapcsolatos tájékoztatás\" című PDF fájlban."},"meta":{},"created_at":"2025-10-09T22:24:30.781332Z","updated_at":"2025-10-09T22:31:14.032802Z","inner_id":27,"total_annotations":1,"cancelled_annotations":0,"total_predictions":0,"comment_count":0,"unresolved_comment_count":0,"last_comment_updated_at":null,"project":6,"updated_by":1,"comment_authors":[]},{"id":28,"annotations":[{"id":84,"completed_by":1,"result":[{"value":{"choices":["3-Többé\/kevésbé megértem"]},"id":"WUkKtzm6V6","from_name":"sentiment","to_name":"text","type":"choices","origin":"manual"}],"was_cancelled":false,"ground_truth":false,"created_at":"2025-10-09T22:31:31.072101Z","updated_at":"2025-10-09T22:31:31.072120Z","draft_created_at":null,"lead_time":16.092,"prediction":{},"result_count":1,"unique_id":"68eac8bc-e5c6-451c-89d2-ae393c094a75","import_id":null,"last_action":null,"bulk_created":false,"task":28,"project":6,"updated_by":1,"parent_prediction":null,"parent_annotation":null,"last_created_by":null}],"file_upload":"6809695b-zalando.txt","drafts":[],"predictions":[],"data":{"text":"7.4 Az Ön áruját 30 napon belül visszaküldöttnek tekintjük, ha Ön ezen időn belül elküldi azt. Ennek a visszaküldési lehetőségnek a gyakorlásának azonban az a feltétele, hogy Ön az árut csak úgy viselte\/próbálta fel, ahogyan azt egy üzletben tette volna, és hogy az árut teljes egészében, eredeti állapotában, érintetlenül és sértetlenül, valamint eredeti csomagolásában küldje vissza. A törvényes elállási jog gyakorlására nyitva álló határidő lejártáig kizárólag az erre a jogra vonatkozó törvényi rendelkezések érvényesek. Az áru visszaküldésének lehetősége nem korlátozza az Ön törvényes szavatossági jogait, amelyek továbbra is korlátlanul megilletik Önt."},"meta":{},"created_at":"2025-10-09T22:24:30.781360Z","updated_at":"2025-10-09T22:31:31.234317Z","inner_id":28,"total_annotations":1,"cancelled_annotations":0,"total_predictions":0,"comment_count":0,"unresolved_comment_count":0,"last_comment_updated_at":null,"project":6,"updated_by":1,"comment_authors":[]},{"id":29,"annotations":[{"id":85,"completed_by":1,"result":[{"value":{"choices":["3-Többé\/kevésbé megértem"]},"id":"nkuM-T7ucz","from_name":"sentiment","to_name":"text","type":"choices","origin":"manual"}],"was_cancelled":false,"ground_truth":false,"created_at":"2025-10-09T22:31:41.264238Z","updated_at":"2025-10-09T22:31:41.264256Z","draft_created_at":null,"lead_time":9.047,"prediction":{},"result_count":1,"unique_id":"0ae7ff1f-bc0c-4de0-b846-903f2fc2dd71","import_id":null,"last_action":null,"bulk_created":false,"task":29,"project":6,"updated_by":1,"parent_prediction":null,"parent_annotation":null,"last_created_by":null}],"file_upload":"6809695b-zalando.txt","drafts":[],"predictions":[],"data":{"text":"7.5 Az önkéntes 30 napos visszaküldési jog nem áll fenn az olyan lezárt árukra vonatkozó szerződések esetében, amelyeket a szállítást követően kibontottak, és amelyek higiéniai okokból nem alkalmasak a visszaküldésre."},"meta":{},"created_at":"2025-10-09T22:24:30.781411Z","updated_at":"2025-10-09T22:31:41.466734Z","inner_id":29,"total_annotations":1,"cancelled_annotations":0,"total_predictions":0,"comment_count":0,"unresolved_comment_count":0,"last_comment_updated_at":null,"project":6,"updated_by":1,"comment_authors":[]},{"id":30,"annotations":[{"id":86,"completed_by":1,"result":[{"value":{"choices":["2-Nehezen érthető"]},"id":"K9i4S0mKFr","from_name":"sentiment","to_name":"text","type":"choices","origin":"manual"}],"was_cancelled":false,"ground_truth":false,"created_at":"2025-10-09T22:31:52.045576Z","updated_at":"2025-10-09T22:31:52.045594Z","draft_created_at":null,"lead_time":9.805,"prediction":{},"result_count":1,"unique_id":"4d224319-e6a6-46ca-b18f-9cef8fc7c590","import_id":null,"last_action":null,"bulk_created":false,"task":30,"project":6,"updated_by":1,"parent_prediction":null,"parent_annotation":null,"last_created_by":null}],"file_upload":"6809695b-zalando.txt","drafts":[],"predictions":[],"data":{"text":"7.6 A törvényes elállási jog lejártáig kizárólag a 6. és 7. pontban felsorolt feltételek érvényesek. A törvényes szavatossági jogokat az önkéntes 30 napos visszaküldési jog nem érinti."},"meta":{},"created_at":"2025-10-09T22:24:30.781441Z","updated_at":"2025-10-09T22:31:52.198125Z","inner_id":30,"total_annotations":1,"cancelled_annotations":0,"total_predictions":0,"comment_count":0,"unresolved_comment_count":0,"last_comment_updated_at":null,"project":6,"updated_by":1,"comment_authors":[]},{"id":31,"annotations":[{"id":87,"completed_by":1,"result":[{"value":{"choices":["1-Nagyon nehezen érthető"]},"id":"RuYeORAjPs","from_name":"sentiment","to_name":"text","type":"choices","origin":"manual"}],"was_cancelled":false,"ground_truth":false,"created_at":"2025-10-09T22:32:01.801187Z","updated_at":"2025-10-09T22:32:01.801206Z","draft_created_at":null,"lead_time":8.829,"prediction":{},"result_count":1,"unique_id":"1f065bf8-0e90-49f7-a5f6-eef3c9407852","import_id":null,"last_action":null,"bulk_created":false,"task":31,"project":6,"updated_by":1,"parent_prediction":null,"parent_annotation":null,"last_created_by":null}],"file_upload":"6809695b-zalando.txt","drafts":[],"predictions":[],"data":{"text":"7.7 Felhívjuk figyelmét, hogy a 30 napos visszatérítési jog nem vonatkozik a szén-dioxid kibocsátás ellensúlyozására vonatkozó hozzájárulásra, ha Ön a szén-dioxid-kibocsátásának ellensúlyozására vonatkozó lehetőséget választotta a megrendeléséhez. Az Ön törvényes elállási joga változatlanul fennmarad."},"meta":{},"created_at":"2025-10-09T22:24:30.781471Z","updated_at":"2025-10-09T22:32:01.950345Z","inner_id":31,"total_annotations":1,"cancelled_annotations":0,"total_predictions":0,"comment_count":0,"unresolved_comment_count":0,"last_comment_updated_at":null,"project":6,"updated_by":1,"comment_authors":[]},{"id":32,"annotations":[{"id":88,"completed_by":1,"result":[{"value":{"choices":["2-Nehezen érthető"]},"id":"z5w4RPSZKZ","from_name":"sentiment","to_name":"text","type":"choices","origin":"manual"}],"was_cancelled":false,"ground_truth":false,"created_at":"2025-10-09T22:32:16.166554Z","updated_at":"2025-10-09T22:32:16.166572Z","draft_created_at":null,"lead_time":13.258,"prediction":{},"result_count":1,"unique_id":"4d5c4368-a1de-4fde-bb0c-34fbea808706","import_id":null,"last_action":null,"bulk_created":false,"task":32,"project":6,"updated_by":1,"parent_prediction":null,"parent_annotation":null,"last_created_by":null}],"file_upload":"6809695b-zalando.txt","drafts":[],"predictions":[],"data":{"text":"8. A visszatérítések visszautalása automatikusan a fizetéshez használt számlára történik. Későbbi utalással történő fizetés és átutalással történő előlegfizetés esetén a visszatérítést arra a számlára teljesítjük, amelyről a fizetés történt. Ha Paypal\/hitelkártya használatával fizetett, a visszatérítést a Paypal\/hitelkártya számlájára küldjük. ."},"meta":{},"created_at":"2025-10-09T22:24:30.781500Z","updated_at":"2025-10-09T22:32:16.323442Z","inner_id":32,"total_annotations":1,"cancelled_annotations":0,"total_predictions":0,"comment_count":0,"unresolved_comment_count":0,"last_comment_updated_at":null,"project":6,"updated_by":1,"comment_authors":[]},{"id":33,"annotations":[{"id":89,"completed_by":1,"result":[{"value":{"choices":["4-Érthető"]},"id":"ApTveoaoX7","from_name":"sentiment","to_name":"text","type":"choices","origin":"manual"}],"was_cancelled":false,"ground_truth":false,"created_at":"2025-10-09T22:32:27.500061Z","updated_at":"2025-10-09T22:32:27.500088Z","draft_created_at":null,"lead_time":10.307,"prediction":{},"result_count":1,"unique_id":"2ebb618b-f1fc-4ea8-a4b0-742d30c8b065","import_id":null,"last_action":null,"bulk_created":false,"task":33,"project":6,"updated_by":1,"parent_prediction":null,"parent_annotation":null,"last_created_by":null}],"file_upload":"6809695b-zalando.txt","drafts":[],"predictions":[],"data":{"text":"9. Kérjük, tekintse meg súgóoldalainkat, vagy lépjen kapcsolatba ügyfélszolgálatunkkal ezen a linken keresztül, ha bármilyen kérdése van. A Zalando és a Zalando partner áruval kapcsolatos kapcsolattartás a Zalando ügyfélszolgálatán vagy az itt megadott címeken keresztül történik."},"meta":{},"created_at":"2025-10-09T22:24:30.781528Z","updated_at":"2025-10-09T22:32:27.696592Z","inner_id":33,"total_annotations":1,"cancelled_annotations":0,"total_predictions":0,"comment_count":0,"unresolved_comment_count":0,"last_comment_updated_at":null,"project":6,"updated_by":1,"comment_authors":[]},{"id":34,"annotations":[{"id":90,"completed_by":1,"result":[{"value":{"choices":["2-Nehezen érthető"]},"id":"ySZTtSMuQQ","from_name":"sentiment","to_name":"text","type":"choices","origin":"manual"}],"was_cancelled":false,"ground_truth":false,"created_at":"2025-10-09T22:32:35.800438Z","updated_at":"2025-10-09T22:32:35.800457Z","draft_created_at":null,"lead_time":6.694,"prediction":{},"result_count":1,"unique_id":"a8f122c2-35f7-45c6-8eab-9ff615e66629","import_id":null,"last_action":null,"bulk_created":false,"task":34,"project":6,"updated_by":1,"parent_prediction":null,"parent_annotation":null,"last_created_by":null}],"file_upload":"6809695b-zalando.txt","drafts":[],"predictions":[],"data":{"text":"10.1 A Zalando\/ Zalando Partner által értékesített árukra a magyar jogszabályi rendelkezések szerint (különösen a Polgári Törvénykönyvben és a 151\/2003. (IX.22.) Kormányrendeletben foglaltak) alkalmazandó szavatossági feltételek vonatkoznak. A Zalando által értékesített termékek hibáiért való felelősségünkre a Magyarországon alkalmazandó törvényi rendelkezések az irányadóak, alábbiak szerint. Ön a szavatossági jogai alapján jogosult a Zalando-tól az áru kijavítását vagy kicserélését kérni, kivéve, ha a választott szavatossági jog teljesítése lehetetlen, vagy a Zalando részéről az alternatív megoldáshoz képest aránytalan költségekkel jár. Ha a javítást vagy cserét nem lehet vagy nem lehetett volna kérni, Ön kérheti az áru árának arányos csökkentését vagy a hiba kijavítását a Zalando költségére, vagy végső esetben elállhat a szerződéstől. Ön jogosult egyik szavatossági jogról a másikra áttérni. Az e jogok közötti áttérés költségeit azonban Ön viseli, kivéve, ha a jogok közötti áttérés a Zalando felróható magatartásának következménye. Ön köteles a Zalandot vagy a Zalando partnert az áru hibájáról, vagy annak nem megfelelőségének hiányáról a lehető leghamarabb, de legkésőbb a hiba észlelésétől számított két hónapon belül értesítenie. Az Ön szavatossági joga az áru átvételétől számított két év elteltével megszűnik, annak érvényesítésére már nem jogosult. A szerződő féltől függően Ön szavatossági igényeit a Zalando vagy egy Zalando partnerrel szemben jogosult érvényesíteni. Az áru kézbesítésének időpontjától számított hat hónapon belül észlelt hibát vagy megfelelőség hiányát úgy kell tekinteni, hogy az már a szállítás időpontjában is fennállt, kivéve, ha ez a vélelem összeegyeztethetetlen az áru természetével vagy magával a hibával. Ön, a döntése alapján jogosult kellékszavatossági vagy termékszavatossági jogait érvényesíteni. Ön csak kellékszavatossági vagy termékszavatossági jogait érvényesítheti, párhuzamos igényérvényesítés nem lehetséges. Termékszavatossági igényként Ön vagy a hibás áru kijavítását vagy annak kicserélését kérheti. Az áru akkor hibás, ha nem felel meg a megfelelőségére vonatkozó, az értékesítés időpontjában hatályos követelményeknek, vagy nem felel meg a gyártó által megadott specifikációknak. A gyártó termékszavatossági kötelezettsége az adott termék forgalomba hozatalától számított két évig áll fenn. Ön köteles haladéktalanul tájékoztatni a gyártót a megfelelőség hiányáról. Amennyiben a megfelelőség hiánya annak észlelésétől számított két hónapon belül történik, akkor azt úgy kell tekinteni, hogy az időben megtörtént."},"meta":{},"created_at":"2025-10-09T22:24:30.781565Z","updated_at":"2025-10-09T22:32:35.959441Z","inner_id":34,"total_annotations":1,"cancelled_annotations":0,"total_predictions":0,"comment_count":0,"unresolved_comment_count":0,"last_comment_updated_at":null,"project":6,"updated_by":1,"comment_authors":[]},{"id":35,"annotations":[{"id":91,"completed_by":1,"result":[{"value":{"choices":["5-Könnyen érthető"]},"id":"DA1yRS4WaJ","from_name":"sentiment","to_name":"text","type":"choices","origin":"manual"}],"was_cancelled":false,"ground_truth":false,"created_at":"2025-10-09T22:32:40.291581Z","updated_at":"2025-10-09T22:32:40.291602Z","draft_created_at":null,"lead_time":3.402,"prediction":{},"result_count":1,"unique_id":"06034ecd-ca7a-46da-99a5-5a01b54d6b27","import_id":null,"last_action":null,"bulk_created":false,"task":35,"project":6,"updated_by":1,"parent_prediction":null,"parent_annotation":null,"last_created_by":null}],"file_upload":"6809695b-zalando.txt","drafts":[],"predictions":[],"data":{"text":"11.1. A www.zalando.hu oldalon elérhető ajánlatokat csak a 18. életévüket betöltött személyek vehetik igénybe."},"meta":{},"created_at":"2025-10-09T22:24:30.781593Z","updated_at":"2025-10-09T22:32:40.475664Z","inner_id":35,"total_annotations":1,"cancelled_annotations":0,"total_predictions":0,"comment_count":0,"unresolved_comment_count":0,"last_comment_updated_at":null,"project":6,"updated_by":1,"comment_authors":[]},{"id":36,"annotations":[{"id":92,"completed_by":1,"result":[{"value":{"choices":["5-Könnyen érthető"]},"id":"m9YF_1nEkO","from_name":"sentiment","to_name":"text","type":"choices","origin":"manual"}],"was_cancelled":false,"ground_truth":false,"created_at":"2025-10-09T22:33:03.180366Z","updated_at":"2025-10-09T22:33:03.180385Z","draft_created_at":null,"lead_time":21.746,"prediction":{},"result_count":1,"unique_id":"af93e86e-2e9f-4356-b611-e71fa60d91f2","import_id":null,"last_action":null,"bulk_created":false,"task":36,"project":6,"updated_by":1,"parent_prediction":null,"parent_annotation":null,"last_created_by":null}],"file_upload":"6809695b-zalando.txt","drafts":[],"predictions":[],"data":{"text":"11.2. Minden vásárló egyszerre csak egy ügyfélfiókkal rendelkezhet a Zalandónál. A többszörös regisztrációk törlésére vonatkozó jogunkat fenntartjuk."},"meta":{},"created_at":"2025-10-09T22:24:30.781621Z","updated_at":"2025-10-09T22:33:03.371866Z","inner_id":36,"total_annotations":1,"cancelled_annotations":0,"total_predictions":0,"comment_count":0,"unresolved_comment_count":0,"last_comment_updated_at":null,"project":6,"updated_by":1,"comment_authors":[]},{"id":37,"annotations":[{"id":93,"completed_by":1,"result":[{"value":{"choices":["5-Könnyen érthető"]},"id":"6k5oclfwwl","from_name":"sentiment","to_name":"text","type":"choices","origin":"manual"}],"was_cancelled":false,"ground_truth":false,"created_at":"2025-10-09T22:33:14.048014Z","updated_at":"2025-10-09T22:33:14.048034Z","draft_created_at":null,"lead_time":9.715,"prediction":{},"result_count":1,"unique_id":"fec0aa6a-e6ba-46b2-bd7e-b10741adccf4","import_id":null,"last_action":null,"bulk_created":false,"task":37,"project":6,"updated_by":1,"parent_prediction":null,"parent_annotation":null,"last_created_by":null}],"file_upload":"6809695b-zalando.txt","drafts":[],"predictions":[],"data":{"text":"11.3. A jelen ÁSZF megtekinthető az www.zalando.hu. Ezt a dokumentumot a webböngésző szokásos parancsaival és funkcióinak használatával (általában Fájl -> Mentés másként) ki is nyomtathatja vagy elmentheti. Ezt a dokumentumot PDF formátumban is letöltheti és archiválhatja. A PDF-fájl megnyitásához és megtekintéséhez az Adobe Reader-re van szüksége, amelyet ingyenesen letölthet a www.adobe.hu weboldalról, vagy egy hasonló PDF-megjelenítő programra. A Zalando fenntartja magának a jogot, hogy bármikor frissítse ezt az ÁSZF-et a vonatkozó törvényeknek és rendeleteknek való megfelelés érdekében. Az ÁSZF ilyen frissítéseit az ÁSZF fent megadott linkjén tüntetjük fel. Annak érdekében, hogy mindig naprakész maradjon a vásárlásra vonatkozó legújabb feltételekkel kapcsolatban, javasoljuk, hogy legalább időről időre ellenőrizze az ÁSZF tartalmát."},"meta":{},"created_at":"2025-10-09T22:24:30.781650Z","updated_at":"2025-10-09T22:33:14.253607Z","inner_id":37,"total_annotations":1,"cancelled_annotations":0,"total_predictions":0,"comment_count":0,"unresolved_comment_count":0,"last_comment_updated_at":null,"project":6,"updated_by":1,"comment_authors":[]},{"id":38,"annotations":[{"id":94,"completed_by":1,"result":[{"value":{"choices":["4-Érthető"]},"id":"ne2l0nGkQg","from_name":"sentiment","to_name":"text","type":"choices","origin":"manual"}],"was_cancelled":false,"ground_truth":false,"created_at":"2025-10-09T22:33:22.395612Z","updated_at":"2025-10-09T22:33:22.395631Z","draft_created_at":null,"lead_time":7.113,"prediction":{},"result_count":1,"unique_id":"d382fc71-0585-4319-9e7d-77513544bdd5","import_id":null,"last_action":null,"bulk_created":false,"task":38,"project":6,"updated_by":1,"parent_prediction":null,"parent_annotation":null,"last_created_by":null}],"file_upload":"6809695b-zalando.txt","drafts":[],"predictions":[],"data":{"text":"11.4 Megrendelésének adatait is könnyen archiválhatja amennyiben a jelen ÁSZF-et letölti és a böngészőjében a megfelelő parancsok segítségével elmenti az online áruházi megrendelési folyamat utolsó oldalán megjelenő megrendelési összefoglalót, vagy megvárja az automatikus megrendelési visszaigazolást, amelyet a megrendelés befejezésekor az Ön által megadott e-mail címre is elküldünk. A megrendelést visszaigazoló e-mail tartalmazza a megrendelés adatait és az ÁSZF-ünket, amely könnyen kinyomtatható vagy menthető az e-mail programmal."},"meta":{},"created_at":"2025-10-09T22:24:30.781679Z","updated_at":"2025-10-09T22:33:22.571859Z","inner_id":38,"total_annotations":1,"cancelled_annotations":0,"total_predictions":0,"comment_count":0,"unresolved_comment_count":0,"last_comment_updated_at":null,"project":6,"updated_by":1,"comment_authors":[]},{"id":39,"annotations":[{"id":95,"completed_by":1,"result":[{"value":{"choices":["2-Nehezen érthető"]},"id":"gWOGORMpfw","from_name":"sentiment","to_name":"text","type":"choices","origin":"manual"}],"was_cancelled":false,"ground_truth":false,"created_at":"2025-10-09T22:33:34.689669Z","updated_at":"2025-10-09T22:33:34.689687Z","draft_created_at":null,"lead_time":9.992,"prediction":{},"result_count":1,"unique_id":"4b64c344-672e-41f5-8f72-1b86b4188045","import_id":null,"last_action":null,"bulk_created":false,"task":39,"project":6,"updated_by":1,"parent_prediction":null,"parent_annotation":null,"last_created_by":null}],"file_upload":"6809695b-zalando.txt","drafts":[],"predictions":[],"data":{"text":"11.5. Hogyan működik a rangsorolásunk: Ajánlati rendszerünk segít Önnek, hogy minél könnyebben megtalálja a legmegfelelőbb terméket oldalunkon a több ezer elérhető termék között. Az algoritmusok és kritériumok kombinációján alapuló módszert folyamatosan tökéletesítjük, hogy optimális vásárlói élményt biztosítsunk Önnek."},"meta":{},"created_at":"2025-10-09T22:24:30.781708Z","updated_at":"2025-10-09T22:33:34.856371Z","inner_id":39,"total_annotations":1,"cancelled_annotations":0,"total_predictions":0,"comment_count":0,"unresolved_comment_count":0,"last_comment_updated_at":null,"project":6,"updated_by":1,"comment_authors":[]},{"id":40,"annotations":[{"id":96,"completed_by":1,"result":[{"value":{"choices":["3-Többé\/kevésbé megértem"]},"id":"jAZm-jzUIk","from_name":"sentiment","to_name":"text","type":"choices","origin":"manual"}],"was_cancelled":false,"ground_truth":false,"created_at":"2025-10-09T22:33:42.573051Z","updated_at":"2025-10-09T22:33:42.573069Z","draft_created_at":null,"lead_time":6.539,"prediction":{},"result_count":1,"unique_id":"3f8c9521-52ea-45e6-b666-136785fef198","import_id":null,"last_action":null,"bulk_created":false,"task":40,"project":6,"updated_by":1,"parent_prediction":null,"parent_annotation":null,"last_created_by":null}],"file_upload":"6809695b-zalando.txt","drafts":[],"predictions":[],"data":{"text":"11.5.1. A rangsorolást befolyásoló kulcstényezők Keresés relevanciája: Rendszerünk előre sorolja azokat a termékeket, amelyek megfelelnek az Ön által beírt keresési kulcsszavaknak vagy böngészési előzményeinek. Ebbe beletartozik a címek, a leírások és kategóriák becslése az Ön kulcsszavai, szűrői, kategóriái és választásai tükrében. Népszerűség: Azok a termékek, amelyeket más vevők sokszor vásárolnak, jó értékeléseket írnak róluk vagy gyakran megtekintenek, előrébb kerülnek, mivel ezek a mutatók jó ügyfélelégedettséget és nagy érdeklődést feltételeznek. Személyre szabás: Ha Ön bejelentkezve használja rendszerünket, akkor az felhasználja a keresési és vásárlási előzményeit és preferenciáit (pl. méret, stílus), hogy az Ön érdeklődéséhez igazítsa a rangsorolást. Ár: A rendszer kiemeli azokat a termékeket, amelyek szerepelnek az Ön preferenciái között vagy amelyek akciósak, ugyanakkor bemutat minden árkategóriát. Promóciók és támogatott tartalom: A különleges promóciók részét képező vagy a kereskedők által támogatott termékek nagyobb láthatóságot kapnak. A támogatott tartalmakat jól láthatóan címkézzük, így biztosítva az átláthatóságot. Elérhetőség: A készleten lévő, azonnal elérhető termékeket előre soroljuk a vásárlási élmény növeléséért. Fenntarthatósági mutatók: A bizonyos fenntarthatósági feltételeknek megfelelő termékek, például a környezetbarát anyagból készült vagy környezetbarát módon előállított termékek szűrhetők, amennyiben Önnek fontosak ezek a tulajdonságok. Ország: Az, hogy melyik Zalando Shopot látogatja, befolyással lehet arra, hogy mely termékek elérhetők az Ön számára."},"meta":{},"created_at":"2025-10-09T22:24:30.781741Z","updated_at":"2025-10-09T22:33:42.744421Z","inner_id":40,"total_annotations":1,"cancelled_annotations":0,"total_predictions":0,"comment_count":0,"unresolved_comment_count":0,"last_comment_updated_at":null,"project":6,"updated_by":1,"comment_authors":[]},{"id":41,"annotations":[{"id":97,"completed_by":1,"result":[{"value":{"choices":["2-Nehezen érthető"]},"id":"YC22eL7424","from_name":"sentiment","to_name":"text","type":"choices","origin":"manual"}],"was_cancelled":false,"ground_truth":false,"created_at":"2025-10-09T22:33:48.514040Z","updated_at":"2025-10-09T22:33:48.514071Z","draft_created_at":null,"lead_time":4.805,"prediction":{},"result_count":1,"unique_id":"d5691ca1-2d59-42e3-875f-1bc73e85bdc3","import_id":null,"last_action":null,"bulk_created":false,"task":41,"project":6,"updated_by":1,"parent_prediction":null,"parent_annotation":null,"last_created_by":null}],"file_upload":"6809695b-zalando.txt","drafts":[],"predictions":[],"data":{"text":"11.5.2. Hogyan függenek össze az egyes paraméterek: Ezen paraméterek relatív jelentősége változhat az Ön keresésének vagy internetes böngészésének kontextusa függvényében. A legrelevánsabb paraméterek az ország, a termékinformációk, a szűrők és a keresési paraméterek kiválasztása, mint pl. a ruhaméret, valamint a termékek népszerűsége és a preferenciák, a korábbi vásárlások és a böngészési tevékenységek. Lent megtekinthet egy összefoglalót a rangsorolásunk működéséről, beleértve a kulcstényezőket és ezek egymásra gyakorolt hatását, amelyek befolyásolják az Önnek felajánlott termékek megjelenési sorrendjét: Először is a keresés relevanciája: Ha Ön beállított egy specifikus keresési adatokat, akkor annak relevanciája nyomja a legtöbbet a latban, míg a többi paraméter, mint a népszerűség vagy a személyre szabás másodlagos jelentőségűek. Személyre szabás elsősége: Ha specifikus adatok nélkül keres, akkor a platform látogatásának előzményei befolyásolják a rangsorolást a termék népszerűségével és elérhetőségével együtt. Promóciós befolyás: A támogatott tartalmak és a promóciók beleszámítanak a rangsorolásba, de arányosan elosztva jelennek meg; ezzel biztosítjuk, hogy ne szorítsák ki az organikus találatokat."},"meta":{},"created_at":"2025-10-09T22:24:30.781772Z","updated_at":"2025-10-09T22:33:48.672626Z","inner_id":41,"total_annotations":1,"cancelled_annotations":0,"total_predictions":0,"comment_count":0,"unresolved_comment_count":0,"last_comment_updated_at":null,"project":6,"updated_by":1,"comment_authors":[]},{"id":42,"annotations":[{"id":98,"completed_by":1,"result":[{"value":{"choices":["1-Nagyon nehezen érthető"]},"id":"8ailmLq5rF","from_name":"sentiment","to_name":"text","type":"choices","origin":"manual"}],"was_cancelled":false,"ground_truth":false,"created_at":"2025-10-09T22:33:58.102067Z","updated_at":"2025-10-09T22:33:58.102084Z","draft_created_at":null,"lead_time":8.517,"prediction":{},"result_count":1,"unique_id":"8bfc7d44-3b43-4be7-965d-48b30fdf4d49","import_id":null,"last_action":null,"bulk_created":false,"task":42,"project":6,"updated_by":1,"parent_prediction":null,"parent_annotation":null,"last_created_by":null}],"file_upload":"6809695b-zalando.txt","drafts":[],"predictions":[],"data":{"text":"11.5.3. Átláthatóság és a felhasználó védelme: Elkötelezettek vagyunk az iránt, hogy átlátható vásárlási élményt nyújtsunk Önnek. Többek között: Támogatott tartalom címkézése: A támogatott tartalmak jól láthatóan meg vannak jelölve címkével, hogy elkülönítsük őket az organikus találatoktól. Elrendezési opciók: Ön átállíthatja az alapértelmezett elrendezési beállításokat például az „Ár: alacsony - magas”, „Vásárlói értékelések” vagy „Legújabb elöl” szisztéma szerint a termékek elrendezésének személyre szabásáért. Személyre szabás beállításai: Beállíthatja személyes preferenciáit vagy az anonim keresést a fiókbeállítás menüben."},"meta":{},"created_at":"2025-10-09T22:24:30.781801Z","updated_at":"2025-10-09T22:33:58.250023Z","inner_id":42,"total_annotations":1,"cancelled_annotations":0,"total_predictions":0,"comment_count":0,"unresolved_comment_count":0,"last_comment_updated_at":null,"project":6,"updated_by":1,"comment_authors":[]},{"id":43,"annotations":[{"id":99,"completed_by":1,"result":[{"value":{"choices":["2-Nehezen érthető"]},"id":"i7mHRxpAzg","from_name":"sentiment","to_name":"text","type":"choices","origin":"manual"}],"was_cancelled":false,"ground_truth":false,"created_at":"2025-10-09T22:34:07.178439Z","updated_at":"2025-10-09T22:34:07.178468Z","draft_created_at":null,"lead_time":7.833,"prediction":{},"result_count":1,"unique_id":"0a17f8cf-b50d-49eb-b805-26ed1a427cc8","import_id":null,"last_action":null,"bulk_created":false,"task":43,"project":6,"updated_by":1,"parent_prediction":null,"parent_annotation":null,"last_created_by":null}],"file_upload":"6809695b-zalando.txt","drafts":[],"predictions":[],"data":{"text":"11.5.4. Algoritmusos megfigyelés és frissítések: A méltányosság és a relevancia érdekében folyamatosan monitorozzuk és rendszeresen frissítjük ajánlati rendszerünket. Szigorú tesztelési eljárásokat folytatunk a lehetséges károk azonosítása és az algoritmus folyamatos fejlesztése érdekében, hogy megfeleljünk az Ön szükségleteinek és elvárásainak."},"meta":{},"created_at":"2025-10-09T22:24:30.781830Z","updated_at":"2025-10-09T22:34:07.323935Z","inner_id":43,"total_annotations":1,"cancelled_annotations":0,"total_predictions":0,"comment_count":0,"unresolved_comment_count":0,"last_comment_updated_at":null,"project":6,"updated_by":1,"comment_authors":[]},{"id":44,"annotations":[{"id":100,"completed_by":1,"result":[{"value":{"choices":["4-Érthető"]},"id":"H86MjELK_n","from_name":"sentiment","to_name":"text","type":"choices","origin":"manual"}],"was_cancelled":false,"ground_truth":false,"created_at":"2025-10-09T22:34:16.094251Z","updated_at":"2025-10-09T22:34:16.094271Z","draft_created_at":null,"lead_time":7.707,"prediction":{},"result_count":1,"unique_id":"fac1ed22-e7f7-46c2-9f6f-ec4ccc94e11e","import_id":null,"last_action":null,"bulk_created":false,"task":44,"project":6,"updated_by":1,"parent_prediction":null,"parent_annotation":null,"last_created_by":null}],"file_upload":"6809695b-zalando.txt","drafts":[],"predictions":[],"data":{"text":"11.5.5. Preferenciák beállítása: Az egyéni ajánlási rendszer vonatkozó paraméterei hozzáférhetőek az ajánlási rendszer „info-i” szimbólumára kattintással például a katalógus oldalon. Az alábbi linkre kattintva további információk érhetők el az általunk felhasznált profiladatokról és a felhasználási befolyásolás lehetségességéről az ajánlási rendszerben az egész platform használatára vonatkozóan:"},"meta":{},"created_at":"2025-10-09T22:24:30.781859Z","updated_at":"2025-10-09T22:34:16.282017Z","inner_id":44,"total_annotations":1,"cancelled_annotations":0,"total_predictions":0,"comment_count":0,"unresolved_comment_count":0,"last_comment_updated_at":null,"project":6,"updated_by":1,"comment_authors":[]},{"id":45,"annotations":[{"id":101,"completed_by":1,"result":[{"value":{"choices":["3-Többé\/kevésbé megértem"]},"id":"5ko5wGmcdo","from_name":"sentiment","to_name":"text","type":"choices","origin":"manual"}],"was_cancelled":false,"ground_truth":false,"created_at":"2025-10-09T22:34:26.591587Z","updated_at":"2025-10-09T22:34:26.591604Z","draft_created_at":null,"lead_time":9.374,"prediction":{},"result_count":1,"unique_id":"1c2f4a6e-6445-43a6-8ff6-6abac7f1bc9d","import_id":null,"last_action":null,"bulk_created":false,"task":45,"project":6,"updated_by":1,"parent_prediction":null,"parent_annotation":null,"last_created_by":null}],"file_upload":"6809695b-zalando.txt","drafts":[],"predictions":[],"data":{"text":"12.1 A Zalando ajándékkártyákat ajándékkártya Zalando Payments GmbH bocsátja ki Németországban engedélyezett elektronikus fizetőeszközként. A Zalando ajándékkártyák nem minősülnek elektronikus pénznek. A Zalando ajándékkártyák nem minősülnek elektronikus pénznek, hanem szabályozás alá nem eső tárolt értéknek. Ez azt jelenti, hogy a Zalando ajándékkártyák felett nem gyakorol felügyeletet az illetékes felügyeleti hatóság, és nem áll az elektronikus pénzre vonatkozó jogszabályi védelem alatt. Önnek kifejezetten nem áll jogában készpénzre váltást igényelni."},"meta":{},"created_at":"2025-10-09T22:24:30.781888Z","updated_at":"2025-10-09T22:34:26.757323Z","inner_id":45,"total_annotations":1,"cancelled_annotations":0,"total_predictions":0,"comment_count":0,"unresolved_comment_count":0,"last_comment_updated_at":null,"project":6,"updated_by":1,"comment_authors":[]},{"id":46,"annotations":[{"id":102,"completed_by":1,"result":[{"value":{"choices":["3-Többé\/kevésbé megértem"]},"id":"96excL8mdJ","from_name":"sentiment","to_name":"text","type":"choices","origin":"manual"}],"was_cancelled":false,"ground_truth":false,"created_at":"2025-10-09T22:34:41.807193Z","updated_at":"2025-10-09T22:34:41.807225Z","draft_created_at":null,"lead_time":14.257,"prediction":{},"result_count":1,"unique_id":"c76e131d-0243-4564-97e9-561cafdcadad","import_id":null,"last_action":null,"bulk_created":false,"task":46,"project":6,"updated_by":1,"parent_prediction":null,"parent_annotation":null,"last_created_by":null}],"file_upload":"6809695b-zalando.txt","drafts":[],"predictions":[],"data":{"text":"12.2 A Zalando ajándékkártyák beválthatók az www.zalando.hu weboldalon és a Zalando alkalmazásban olyan jogosult termékek vásárlására, amelyeket a Zalando SE vagy más eladók ( Zalando Partnerek) kínálnak fel. Jogosult áruk és szolgáltatások olyan termékek, amelyek adott személy megjelenését szolgálják (pl. ruházat, cipők). A részletek a következő linken találhatók: „Mire használhatom az ajándékkártyámat?”. Adott Zalando ajándékkártya nem használható fel másik Zalando ajándékkártya vásárlására."},"meta":{},"created_at":"2025-10-09T22:24:30.781917Z","updated_at":"2025-10-09T22:34:41.954301Z","inner_id":46,"total_annotations":1,"cancelled_annotations":0,"total_predictions":0,"comment_count":0,"unresolved_comment_count":0,"last_comment_updated_at":null,"project":6,"updated_by":1,"comment_authors":[]},{"id":47,"annotations":[{"id":103,"completed_by":1,"result":[{"value":{"choices":["5-Könnyen érthető"]},"id":"WcmmCoh0F6","from_name":"sentiment","to_name":"text","type":"choices","origin":"manual"}],"was_cancelled":false,"ground_truth":false,"created_at":"2025-10-09T22:34:48.522229Z","updated_at":"2025-10-09T22:34:48.522246Z","draft_created_at":null,"lead_time":5.739,"prediction":{},"result_count":1,"unique_id":"b0c37670-1f34-488b-8e49-de747e29563d","import_id":null,"last_action":null,"bulk_created":false,"task":47,"project":6,"updated_by":1,"parent_prediction":null,"parent_annotation":null,"last_created_by":null}],"file_upload":"6809695b-zalando.txt","drafts":[],"predictions":[],"data":{"text":"12.3 A Zalando ajándékkártyák korlátozottan, a vásárlás napjától számított 5 évig érvényesek. Elvesztés vagy károsodás esetén készpénzre váltás vagy visszatérítés nem lehetséges."},"meta":{},"created_at":"2025-10-09T22:24:30.781946Z","updated_at":"2025-10-09T22:34:48.684180Z","inner_id":47,"total_annotations":1,"cancelled_annotations":0,"total_predictions":0,"comment_count":0,"unresolved_comment_count":0,"last_comment_updated_at":null,"project":6,"updated_by":1,"comment_authors":[]},{"id":48,"annotations":[{"id":104,"completed_by":1,"result":[{"value":{"choices":["4-Érthető"]},"id":"QdhPYPStbx","from_name":"sentiment","to_name":"text","type":"choices","origin":"manual"}],"was_cancelled":false,"ground_truth":false,"created_at":"2025-10-09T22:34:57.757725Z","updated_at":"2025-10-09T22:34:57.757742Z","draft_created_at":null,"lead_time":8.073,"prediction":{},"result_count":1,"unique_id":"89c353e2-2874-4374-a433-eef1d85de444","import_id":null,"last_action":null,"bulk_created":false,"task":48,"project":6,"updated_by":1,"parent_prediction":null,"parent_annotation":null,"last_created_by":null}],"file_upload":"6809695b-zalando.txt","drafts":[],"predictions":[],"data":{"text":"12.4 A Zalando ajándékkártyák Zalando ajándékkártyánként 80000 HUF maximális értékre és vásárlásonként 80000 HUF maximális értékű Zalando ajándékkártyára korlátozódnak. Lehetőség van vásárlásonként több Zalando ajándékkártya használatára 80000 HUF maximális értékben. A Zalando Gift ajándékkártyákon maradó mindennemű összeg felhasználható jövőbeni vásárlásokra., A naptári hónaponként felhasználható ajándékkártyák maximális értéke 5000,– euróra korlátozódik. Azügyfélfiókjához naptári hónaponként kapcsolható ajándékkártyák maximális értéke i5000,– euróra korlátozódik."},"meta":{},"created_at":"2025-10-09T22:24:30.781975Z","updated_at":"2025-10-09T22:34:57.925636Z","inner_id":48,"total_annotations":1,"cancelled_annotations":0,"total_predictions":0,"comment_count":0,"unresolved_comment_count":0,"last_comment_updated_at":null,"project":6,"updated_by":1,"comment_authors":[]},{"id":49,"annotations":[{"id":105,"completed_by":1,"result":[{"value":{"choices":["3-Többé\/kevésbé megértem"]},"id":"2nmRxJHU2s","from_name":"sentiment","to_name":"text","type":"choices","origin":"manual"}],"was_cancelled":false,"ground_truth":false,"created_at":"2025-10-09T22:35:06.307035Z","updated_at":"2025-10-09T22:35:06.307053Z","draft_created_at":null,"lead_time":7.472,"prediction":{},"result_count":1,"unique_id":"0782af0e-4c30-4e56-ad94-25a76ed7fe42","import_id":null,"last_action":null,"bulk_created":false,"task":49,"project":6,"updated_by":1,"parent_prediction":null,"parent_annotation":null,"last_created_by":null}],"file_upload":"6809695b-zalando.txt","drafts":[],"predictions":[],"data":{"text":"12.5 A Zalando ajándékkártya általában a vásárlástól számított 24 órán belül aktiválásra kerül."},"meta":{},"created_at":"2025-10-09T22:24:30.782002Z","updated_at":"2025-10-09T22:35:06.460529Z","inner_id":49,"total_annotations":1,"cancelled_annotations":0,"total_predictions":0,"comment_count":0,"unresolved_comment_count":0,"last_comment_updated_at":null,"project":6,"updated_by":1,"comment_authors":[]},{"id":50,"annotations":[{"id":106,"completed_by":1,"result":[{"value":{"choices":["4-Érthető"]},"id":"hlW5rTR0qk","from_name":"sentiment","to_name":"text","type":"choices","origin":"manual"}],"was_cancelled":false,"ground_truth":false,"created_at":"2025-10-09T22:35:11.767910Z","updated_at":"2025-10-09T22:35:11.767944Z","draft_created_at":null,"lead_time":4.372,"prediction":{},"result_count":1,"unique_id":"4d9a8938-0c41-48ef-acb0-9e0331a5ba0e","import_id":null,"last_action":null,"bulk_created":false,"task":50,"project":6,"updated_by":1,"parent_prediction":null,"parent_annotation":null,"last_created_by":null}],"file_upload":"6809695b-zalando.txt","drafts":[],"predictions":[],"data":{"text":"12.6 A Zalando ajándékkártyák visszamenőlegesen nem használható fel, csak a megrendelése előtt."},"meta":{},"created_at":"2025-10-09T22:24:30.782028Z","updated_at":"2025-10-09T22:35:11.982771Z","inner_id":50,"total_annotations":1,"cancelled_annotations":0,"total_predictions":0,"comment_count":0,"unresolved_comment_count":0,"last_comment_updated_at":null,"project":6,"updated_by":1,"comment_authors":[]},{"id":51,"annotations":[{"id":107,"completed_by":1,"result":[{"value":{"choices":["2-Nehezen érthető"]},"id":"RHv-4VCC7a","from_name":"sentiment","to_name":"text","type":"choices","origin":"manual"}],"was_cancelled":false,"ground_truth":false,"created_at":"2025-10-09T22:35:30.511656Z","updated_at":"2025-10-09T22:35:30.511678Z","draft_created_at":null,"lead_time":14.278,"prediction":{},"result_count":1,"unique_id":"5c220c10-6826-4735-afdd-44894de8bcd0","import_id":null,"last_action":null,"bulk_created":false,"task":51,"project":6,"updated_by":1,"parent_prediction":null,"parent_annotation":null,"last_created_by":null}],"file_upload":"6809695b-zalando.txt","drafts":[],"predictions":[],"data":{"text":"12.7 Amennyiben törölne olyan megrendelést vagy visszaküldene olyan árukat, amelyekhez Zalando ajándékkártyát váltott be, akkor a kifizetett összeg visszatérítésre kerül a Zalando ajándékkártyára és elérhetővé válik későbbi vásárláshoz. Amennyiben olyan árukat küld vissza, amelyekért részben Zalando ajándékkártyával fizettek, akkor a minden megtartott, Zalando ajándékkártyával való vásárlásra jogosult áruért járó vételár először a Zalando ajándékkártya beváltásával kerül kifizetésre és a fennmaradó visszatérítendő összeg – ha van ilyen – a többi alkalmazott fizetési módra kerül visszatérítésre."},"meta":{},"created_at":"2025-10-09T22:24:30.782056Z","updated_at":"2025-10-09T22:35:30.675965Z","inner_id":51,"total_annotations":1,"cancelled_annotations":0,"total_predictions":0,"comment_count":0,"unresolved_comment_count":0,"last_comment_updated_at":null,"project":6,"updated_by":1,"comment_authors":[]}]