[{"id":1,"annotations":[{"id":2,"completed_by":1,"result":[{"value":{"choices":["4-Érthető"]},"id":"FeOWznog1z","from_name":"sentiment","to_name":"text","type":"choices","origin":"manual"}],"was_cancelled":false,"ground_truth":false,"created_at":"2025-10-03T19:24:36.875445Z","updated_at":"2025-10-03T19:24:36.875568Z","draft_created_at":null,"lead_time":25.855,"prediction":{},"result_count":1,"unique_id":"2bb75b65-968d-41ca-9199-a800769f0b34","import_id":null,"last_action":null,"bulk_created":false,"task":1,"project":3,"updated_by":1,"parent_prediction":null,"parent_annotation":null,"last_created_by":null}],"file_upload":"e56b1a61-sportkorhaz_aszf.txt","drafts":[],"predictions":[],"data":{"text":"A Szolgáltató és a Páciens az egyedi szolgáltatási szerződést írásban köti meg. A Szolgáltató az általa értékesítésre kerülő egészségügyi és egyéb, kapcsolódó szolgáltatásokat (a továbbiakban:szolgáltatás) az egyedi szolgáltatási szerződésben és a jelen ÁSZF-ben foglaltaknak megfelelően, az itt meghatározott kereteken belül nyújtja a Páciens részére."},"meta":{},"created_at":"2025-10-03T19:23:28.676989Z","updated_at":"2025-10-03T19:24:37.457847Z","inner_id":1,"total_annotations":1,"cancelled_annotations":0,"total_predictions":0,"comment_count":0,"unresolved_comment_count":0,"last_comment_updated_at":null,"project":3,"updated_by":1,"comment_authors":[]},{"id":2,"annotations":[{"id":3,"completed_by":1,"result":[{"value":{"choices":["3-Többé\/kevésbé megértem"]},"id":"oiWG-MaARR","from_name":"sentiment","to_name":"text","type":"choices","origin":"manual"}],"was_cancelled":false,"ground_truth":false,"created_at":"2025-10-03T19:25:13.919248Z","updated_at":"2025-10-03T19:25:13.919279Z","draft_created_at":null,"lead_time":34.695,"prediction":{},"result_count":1,"unique_id":"869acb43-b667-415b-8cec-ac21caa96e42","import_id":null,"last_action":null,"bulk_created":false,"task":2,"project":3,"updated_by":1,"parent_prediction":null,"parent_annotation":null,"last_created_by":null}],"file_upload":"e56b1a61-sportkorhaz_aszf.txt","drafts":[],"predictions":[],"data":{"text":"A Felek szolgáltatási szerződésből eredő jogviszonyára a 2013. évi V. törvény (a továbbiakban: Ptk.) szabályai, a 1997. évi CLIV. törvény (a továbbiakban: Egészségügyi tv.), az egyéb vonatkozó jogszabályok és szakmai irányelvek irányadóak, ezek hiányában a módszertani útmutatóban közzétett szabályok, szakmai irányelvek, módszertani útmutatók hiányában pedig a széles körben elfogadott szakirodalomban is közzétett szakmai követelmények töltik ki tartalommal a létrejött jogviszonyt."},"meta":{},"created_at":"2025-10-03T19:23:28.677111Z","updated_at":"2025-10-03T19:25:14.495028Z","inner_id":2,"total_annotations":1,"cancelled_annotations":0,"total_predictions":0,"comment_count":0,"unresolved_comment_count":0,"last_comment_updated_at":null,"project":3,"updated_by":1,"comment_authors":[]},{"id":3,"annotations":[{"id":4,"completed_by":1,"result":[{"value":{"choices":["3-Többé\/kevésbé megértem"]},"id":"RXiV_zMAOE","from_name":"sentiment","to_name":"text","type":"choices","origin":"manual"}],"was_cancelled":false,"ground_truth":false,"created_at":"2025-10-03T19:26:22.086213Z","updated_at":"2025-10-03T19:26:22.086242Z","draft_created_at":null,"lead_time":18.504,"prediction":{},"result_count":1,"unique_id":"3238d339-41e4-4aec-885b-e57789152ca6","import_id":null,"last_action":null,"bulk_created":false,"task":3,"project":3,"updated_by":1,"parent_prediction":null,"parent_annotation":null,"last_created_by":null}],"file_upload":"e56b1a61-sportkorhaz_aszf.txt","drafts":[],"predictions":[],"data":{"text":"A Szolgáltató a szolgáltatás nyújtásához szükséges engedélyekkel, valamint a vonatkozó  egészségügyi tárgyú jogszabályokban meghatározott személyi és tárgyi feltételekkel rendelkezik. A Szolgáltató a szolgáltatást az ellátásban résztvevőktől elvárható gondossággal, valamint a szakmai és etikai szabályok, illetve irányelvek, valamint a hatályos jogszabályok betartásával nyújtja."},"meta":{},"created_at":"2025-10-03T19:23:28.677189Z","updated_at":"2025-10-03T19:26:22.645753Z","inner_id":3,"total_annotations":1,"cancelled_annotations":0,"total_predictions":0,"comment_count":0,"unresolved_comment_count":0,"last_comment_updated_at":null,"project":3,"updated_by":1,"comment_authors":[]},{"id":4,"annotations":[{"id":5,"completed_by":1,"result":[{"value":{"choices":["4-Érthető"]},"id":"ud3DaqauBP","from_name":"sentiment","to_name":"text","type":"choices","origin":"manual"}],"was_cancelled":false,"ground_truth":false,"created_at":"2025-10-03T19:26:39.204317Z","updated_at":"2025-10-03T19:26:39.204351Z","draft_created_at":null,"lead_time":14.878,"prediction":{},"result_count":1,"unique_id":"0ec2e427-df36-4560-8d78-deb8f95fe74a","import_id":null,"last_action":null,"bulk_created":false,"task":4,"project":3,"updated_by":1,"parent_prediction":null,"parent_annotation":null,"last_created_by":null}],"file_upload":"e56b1a61-sportkorhaz_aszf.txt","drafts":[],"predictions":[],"data":{"text":"Szolgáltató a szolgáltatás nyújtása során igénybe veheti harmadik személyek (teljesítési segéd) közreműködését, így közreműködő orvosok, alvállalkozók\/ megbízottak, valamint egyéb, egészségügyi alkalmazottak szolgáltatását."},"meta":{},"created_at":"2025-10-03T19:23:28.677258Z","updated_at":"2025-10-03T19:26:39.790950Z","inner_id":4,"total_annotations":1,"cancelled_annotations":0,"total_predictions":0,"comment_count":0,"unresolved_comment_count":0,"last_comment_updated_at":null,"project":3,"updated_by":1,"comment_authors":[]},{"id":5,"annotations":[{"id":6,"completed_by":1,"result":[{"value":{"choices":["5-Könnyen érthető"]},"id":"tybXrLi721","from_name":"sentiment","to_name":"text","type":"choices","origin":"manual"}],"was_cancelled":false,"ground_truth":false,"created_at":"2025-10-03T19:26:56.002021Z","updated_at":"2025-10-03T19:26:56.002055Z","draft_created_at":null,"lead_time":14.627,"prediction":{},"result_count":1,"unique_id":"a49531e0-3983-433c-a4ed-4eaaeecbe3f1","import_id":null,"last_action":null,"bulk_created":false,"task":5,"project":3,"updated_by":1,"parent_prediction":null,"parent_annotation":null,"last_created_by":null}],"file_upload":"e56b1a61-sportkorhaz_aszf.txt","drafts":[],"predictions":[],"data":{"text":"A korlátozottan cselekvőképes kiskorú Páciens jognyilatkozatának érvényességéhez – ha törvény eltérően nem rendelkezik – törvényes képviselőjének hozzájárulása és nyilatkozata szükséges. A Páciens megérkezését követően a recepción jogosult az egyedi „Szolgáltatási szerződés” -t kitölteni. A „Szolgáltatási szerződés” kitöltése, elfogadása és megkötése kötelező, ennek hiányában a szolgáltatás igénybevétele nem kezdhető meg."},"meta":{},"created_at":"2025-10-03T19:23:28.677325Z","updated_at":"2025-10-03T19:26:56.566627Z","inner_id":5,"total_annotations":1,"cancelled_annotations":0,"total_predictions":0,"comment_count":0,"unresolved_comment_count":0,"last_comment_updated_at":null,"project":3,"updated_by":1,"comment_authors":[]},{"id":6,"annotations":[{"id":7,"completed_by":1,"result":[{"value":{"choices":["5-Könnyen érthető"]},"id":"WuU-FRPK2m","from_name":"sentiment","to_name":"text","type":"choices","origin":"manual"}],"was_cancelled":false,"ground_truth":false,"created_at":"2025-10-03T19:27:10.642985Z","updated_at":"2025-10-03T19:27:10.643286Z","draft_created_at":null,"lead_time":12.125,"prediction":{},"result_count":1,"unique_id":"bcfb133c-b9f8-484e-b600-6bade6cda24c","import_id":null,"last_action":null,"bulk_created":false,"task":6,"project":3,"updated_by":1,"parent_prediction":null,"parent_annotation":null,"last_created_by":null}],"file_upload":"e56b1a61-sportkorhaz_aszf.txt","drafts":[],"predictions":[],"data":{"text":"A szolgáltatás igénybevételéhez a Páciens azonosításához szükséges személyazonosság igazolására szolgáló, érvényes igazolványt a Páciensnek a recepción kell bemutatnia (pl. személyi igazolvány, útlevél, vezetői engedély). Személyazonosság igazolásának megtagadása esetén a szolgáltatás igénybevétele nem kezdhető meg."},"meta":{},"created_at":"2025-10-03T19:23:28.677390Z","updated_at":"2025-10-03T19:27:11.433010Z","inner_id":6,"total_annotations":1,"cancelled_annotations":0,"total_predictions":0,"comment_count":0,"unresolved_comment_count":0,"last_comment_updated_at":null,"project":3,"updated_by":1,"comment_authors":[]},{"id":7,"annotations":[{"id":8,"completed_by":1,"result":[{"value":{"choices":["5-Könnyen érthető"]},"id":"DcbYv2qT2e","from_name":"sentiment","to_name":"text","type":"choices","origin":"manual"}],"was_cancelled":false,"ground_truth":false,"created_at":"2025-10-03T19:27:27.952378Z","updated_at":"2025-10-03T19:27:27.952406Z","draft_created_at":null,"lead_time":15.005,"prediction":{},"result_count":1,"unique_id":"00d1bf45-8109-4e6b-8c78-ad6cbd3683b1","import_id":null,"last_action":null,"bulk_created":false,"task":7,"project":3,"updated_by":1,"parent_prediction":null,"parent_annotation":null,"last_created_by":null}],"file_upload":"e56b1a61-sportkorhaz_aszf.txt","drafts":[],"predictions":[],"data":{"text":"A recepció a kitöltött, aláírt „Szolgáltatási szerződés” alapján, a Páciens személyes beazonosítását követően felveszi a Páciens adatait az egészségügyi adminisztrációs rendszerbe, visszatérő Páciens esetén ellenőrzi, és szükség esetén frissíti az adatokat, majd a Pácienst aktiválja. A szolgáltatás igénybevételére (egészségügyi ellátásra) csak aktivált Páciens jogosult."},"meta":{},"created_at":"2025-10-03T19:23:28.677456Z","updated_at":"2025-10-03T19:27:28.506602Z","inner_id":7,"total_annotations":1,"cancelled_annotations":0,"total_predictions":0,"comment_count":0,"unresolved_comment_count":0,"last_comment_updated_at":null,"project":3,"updated_by":1,"comment_authors":[]},{"id":8,"annotations":[{"id":9,"completed_by":1,"result":[{"value":{"choices":["5-Könnyen érthető"]},"id":"8GNL_08bLO","from_name":"sentiment","to_name":"text","type":"choices","origin":"manual"}],"was_cancelled":false,"ground_truth":false,"created_at":"2025-10-03T19:27:50.983992Z","updated_at":"2025-10-03T19:27:50.984023Z","draft_created_at":null,"lead_time":20.819,"prediction":{},"result_count":1,"unique_id":"a1317812-4ef9-4aab-83a3-fa3e25e4e201","import_id":null,"last_action":null,"bulk_created":false,"task":8,"project":3,"updated_by":1,"parent_prediction":null,"parent_annotation":null,"last_created_by":null}],"file_upload":"e56b1a61-sportkorhaz_aszf.txt","drafts":[],"predictions":[],"data":{"text":"A szolgáltatás igénybevétele előzetes bejelentkezés és időpontfoglalás után lehetséges. A szolgáltató az egészségügyi ellátást megelőzően telefonon időpont megerősítést kér a Pácienstől. Amennyiben a páciens az általa megadott telefonszámon nem elérhető, úgy a Szolgáltató a lefoglalt rendelési időpont törlésére jogosult. A szolgáltató három egymást követő alkalommal, egymástól legalább 20 perces távolságban lévő telefonhívással igyekszik biztosítani az időpont megerősítését."},"meta":{},"created_at":"2025-10-03T19:23:28.677521Z","updated_at":"2025-10-03T19:27:51.535055Z","inner_id":8,"total_annotations":1,"cancelled_annotations":0,"total_predictions":0,"comment_count":0,"unresolved_comment_count":0,"last_comment_updated_at":null,"project":3,"updated_by":1,"comment_authors":[]},{"id":9,"annotations":[{"id":10,"completed_by":1,"result":[{"value":{"choices":["5-Könnyen érthető"]},"id":"UsXKe6FPml","from_name":"sentiment","to_name":"text","type":"choices","origin":"manual"}],"was_cancelled":false,"ground_truth":false,"created_at":"2025-10-03T19:27:59.588435Z","updated_at":"2025-10-03T19:27:59.588468Z","draft_created_at":null,"lead_time":6.581,"prediction":{},"result_count":1,"unique_id":"295728b1-c80b-4a10-b818-c3e5e66118f6","import_id":null,"last_action":null,"bulk_created":false,"task":9,"project":3,"updated_by":1,"parent_prediction":null,"parent_annotation":null,"last_created_by":null}],"file_upload":"e56b1a61-sportkorhaz_aszf.txt","drafts":[],"predictions":[],"data":{"text":"Amennyiben egyik alkalommal sem éri el a Pácienst, úgy sms-ben értesíti a lefoglalt időpont törléséről a sikertelen időpont megerősítés miatt."},"meta":{},"created_at":"2025-10-03T19:23:28.677583Z","updated_at":"2025-10-03T19:28:00.163512Z","inner_id":9,"total_annotations":1,"cancelled_annotations":0,"total_predictions":0,"comment_count":0,"unresolved_comment_count":0,"last_comment_updated_at":null,"project":3,"updated_by":1,"comment_authors":[]},{"id":10,"annotations":[{"id":11,"completed_by":1,"result":[{"value":{"choices":["5-Könnyen érthető"]},"id":"ofDK5MMUW5","from_name":"sentiment","to_name":"text","type":"choices","origin":"manual"}],"was_cancelled":false,"ground_truth":false,"created_at":"2025-10-03T19:28:12.558353Z","updated_at":"2025-10-03T19:28:12.558381Z","draft_created_at":null,"lead_time":10.539,"prediction":{},"result_count":1,"unique_id":"82ecc406-aae5-452e-8280-4e1f336edba9","import_id":null,"last_action":null,"bulk_created":false,"task":10,"project":3,"updated_by":1,"parent_prediction":null,"parent_annotation":null,"last_created_by":null}],"file_upload":"e56b1a61-sportkorhaz_aszf.txt","drafts":[],"predictions":[],"data":{"text":"A Szolgáltató a Pácienst az előre egyeztetett és lefoglalt időpontban fogadja. A Páciens az előre egyeztetett kezelésre illetőleg vizsgálatra a lefoglalt időpont előtt legalább 15 perccel köteles megérkezni a rendelőbe. Késő Páciens ellátását a Szolgáltató megtagadhatja, a szolgáltatás idejét rövidítheti, párhuzamosan a teljes szolgáltatási díjat a Pácienstől követelheti."},"meta":{},"created_at":"2025-10-03T19:23:28.677648Z","updated_at":"2025-10-03T19:28:13.109321Z","inner_id":10,"total_annotations":1,"cancelled_annotations":0,"total_predictions":0,"comment_count":0,"unresolved_comment_count":0,"last_comment_updated_at":null,"project":3,"updated_by":1,"comment_authors":[]},{"id":11,"annotations":[{"id":12,"completed_by":1,"result":[{"value":{"choices":["4-Érthető"]},"id":"MJhnGjm3dJ","from_name":"sentiment","to_name":"text","type":"choices","origin":"manual"}],"was_cancelled":false,"ground_truth":false,"created_at":"2025-10-03T19:28:31.419418Z","updated_at":"2025-10-03T19:28:31.419454Z","draft_created_at":null,"lead_time":15.168,"prediction":{},"result_count":1,"unique_id":"c9f2e6df-31c7-4d21-acec-d78ae013861d","import_id":null,"last_action":null,"bulk_created":false,"task":11,"project":3,"updated_by":1,"parent_prediction":null,"parent_annotation":null,"last_created_by":null}],"file_upload":"e56b1a61-sportkorhaz_aszf.txt","drafts":[],"predictions":[],"data":{"text":"A pontos és zökkenőmentes egészségügyi ellátás segítéséről a Szolgáltatónál előjegyzési rendszer gondoskodik. Az előjegyzett időpont vállalásával a Szolgáltató biztosítja a kért egészségügyi ellátás előre egyeztetett időpontban történő elvégzését."},"meta":{},"created_at":"2025-10-03T19:23:28.677710Z","updated_at":"2025-10-03T19:28:32.047709Z","inner_id":11,"total_annotations":1,"cancelled_annotations":0,"total_predictions":0,"comment_count":0,"unresolved_comment_count":0,"last_comment_updated_at":null,"project":3,"updated_by":1,"comment_authors":[]},{"id":12,"annotations":[{"id":13,"completed_by":1,"result":[{"value":{"choices":["4-Érthető"]},"id":"DnSxkzGMnR","from_name":"sentiment","to_name":"text","type":"choices","origin":"manual"}],"was_cancelled":false,"ground_truth":false,"created_at":"2025-10-03T19:28:58.294342Z","updated_at":"2025-10-03T19:28:58.294385Z","draft_created_at":null,"lead_time":24.725,"prediction":{},"result_count":1,"unique_id":"5bc0d14e-071e-4283-a925-f8d8499553d4","import_id":null,"last_action":null,"bulk_created":false,"task":12,"project":3,"updated_by":1,"parent_prediction":null,"parent_annotation":null,"last_created_by":null}],"file_upload":"e56b1a61-sportkorhaz_aszf.txt","drafts":[],"predictions":[],"data":{"text":"Az előjegyzési rendszer feltételezi az adott egészségügyi ellátás átlagos időszükségletét ahhoz, hogy az előjegyzés szerint a betegek várakozás nélkül kerüljenek a szakorvosi rendelőbe. A gondos tervezés és a pontos előjegyzési gyakorlat betartása mellett is előfordulhat azonban, hogy torlódás alakul ki egyes rendeléseknél. Ez adódhat a tervezettnél hosszabb időt igénylő betegellátásból, de nem ritka az előjegyzett időpontnál későbbi érkezésből származó csúszás sem, amelyet csak a következő beteg várakoztatásával tud a rendszer korrigálni."},"meta":{},"created_at":"2025-10-03T19:23:28.677773Z","updated_at":"2025-10-03T19:28:58.851915Z","inner_id":12,"total_annotations":1,"cancelled_annotations":0,"total_predictions":0,"comment_count":0,"unresolved_comment_count":0,"last_comment_updated_at":null,"project":3,"updated_by":1,"comment_authors":[]},{"id":13,"annotations":[{"id":14,"completed_by":1,"result":[{"value":{"choices":["5-Könnyen érthető"]},"id":"vbT8k8CgjA","from_name":"sentiment","to_name":"text","type":"choices","origin":"manual"}],"was_cancelled":false,"ground_truth":false,"created_at":"2025-10-03T19:29:22.402955Z","updated_at":"2025-10-03T19:29:22.403043Z","draft_created_at":null,"lead_time":21.97,"prediction":{},"result_count":1,"unique_id":"a502ed05-2088-4457-abf9-d4397a9c7cfd","import_id":null,"last_action":null,"bulk_created":false,"task":13,"project":3,"updated_by":1,"parent_prediction":null,"parent_annotation":null,"last_created_by":null}],"file_upload":"e56b1a61-sportkorhaz_aszf.txt","drafts":[],"predictions":[],"data":{"text":"A Páciens az egészségügyi ellátás nyújtása során tájékoztatja az orvost, szolgáltatást nyújtó ellátó személyt minden olyan releváns adatról, információról és körülményről és tényről, amely szükséges és indokolt a kórtörténet megismeréséhez, így kifejezetten, de nem kizárólagosan az alábbiakról: korábbi betegségéről, esetleges műtétek, gyógykezelés, Páciens által szedett gyógyszerek, egészségkárosító kockázati tényezői, egyes gyógyszerek összetevőivel szembeni érzékenység."},"meta":{},"created_at":"2025-10-03T19:23:28.677879Z","updated_at":"2025-10-03T19:29:22.991899Z","inner_id":13,"total_annotations":1,"cancelled_annotations":0,"total_predictions":0,"comment_count":0,"unresolved_comment_count":0,"last_comment_updated_at":null,"project":3,"updated_by":1,"comment_authors":[]},{"id":14,"annotations":[{"id":15,"completed_by":1,"result":[{"value":{"choices":["5-Könnyen érthető"]},"id":"OR-Liy-OJH","from_name":"sentiment","to_name":"text","type":"choices","origin":"manual"}],"was_cancelled":false,"ground_truth":false,"created_at":"2025-10-03T19:29:40.823544Z","updated_at":"2025-10-03T19:29:40.823577Z","draft_created_at":null,"lead_time":16.182,"prediction":{},"result_count":1,"unique_id":"201a7390-38af-49f9-a568-39b3b62170e7","import_id":null,"last_action":null,"bulk_created":false,"task":14,"project":3,"updated_by":1,"parent_prediction":null,"parent_annotation":null,"last_created_by":null}],"file_upload":"e56b1a61-sportkorhaz_aszf.txt","drafts":[],"predictions":[],"data":{"text":"Az egészségügyi ellátó - feltéve, ha szakmai kompetenciája és felkészültsége alapján erre jogosult - a hozzá forduló pácienst megvizsgálja. A vizsgálat megállapításaitól függően a pácienst ellátja, vagy - a megfelelő tárgyi és személyi feltételek hiánya esetén - a megfelelő feltételekkel rendelkező egészségügyi szolgáltatóhoz irányítja."},"meta":{},"created_at":"2025-10-03T19:23:28.677991Z","updated_at":"2025-10-03T19:29:41.453075Z","inner_id":14,"total_annotations":1,"cancelled_annotations":0,"total_predictions":0,"comment_count":0,"unresolved_comment_count":0,"last_comment_updated_at":null,"project":3,"updated_by":1,"comment_authors":[]},{"id":15,"annotations":[{"id":16,"completed_by":1,"result":[{"value":{"choices":["5-Könnyen érthető"]},"id":"6H4GgjZwS1","from_name":"sentiment","to_name":"text","type":"choices","origin":"manual"}],"was_cancelled":false,"ground_truth":false,"created_at":"2025-10-03T19:30:01.458307Z","updated_at":"2025-10-03T19:30:01.458357Z","draft_created_at":null,"lead_time":18.485,"prediction":{},"result_count":1,"unique_id":"df87fcea-e512-4899-a0bc-65c3c816e74d","import_id":null,"last_action":null,"bulk_created":false,"task":15,"project":3,"updated_by":1,"parent_prediction":null,"parent_annotation":null,"last_created_by":null}],"file_upload":"e56b1a61-sportkorhaz_aszf.txt","drafts":[],"predictions":[],"data":{"text":"A Szolgáltató a Páciens kezeléséhez kezelési tervet készíthet, melyet megfelelő indokkal, a Páciens előzetes tájékoztatása mellett bármikor módosíthat."},"meta":{},"created_at":"2025-10-03T19:23:28.678058Z","updated_at":"2025-10-03T19:30:02.030521Z","inner_id":15,"total_annotations":1,"cancelled_annotations":0,"total_predictions":0,"comment_count":0,"unresolved_comment_count":0,"last_comment_updated_at":null,"project":3,"updated_by":1,"comment_authors":[]},{"id":16,"annotations":[{"id":17,"completed_by":1,"result":[{"value":{"choices":["4-Érthető"]},"id":"3v9O_kDUpL","from_name":"sentiment","to_name":"text","type":"choices","origin":"manual"}],"was_cancelled":false,"ground_truth":false,"created_at":"2025-10-04T09:27:46.817803Z","updated_at":"2025-10-04T09:27:46.817834Z","draft_created_at":null,"lead_time":22.211,"prediction":{},"result_count":1,"unique_id":"356bffe1-b70f-4236-bd68-09752a72b929","import_id":null,"last_action":null,"bulk_created":false,"task":16,"project":3,"updated_by":1,"parent_prediction":null,"parent_annotation":null,"last_created_by":null}],"file_upload":"e56b1a61-sportkorhaz_aszf.txt","drafts":[],"predictions":[],"data":{"text":"A javasolt és felírt gyógyszerek rendelése az érvényes szakmai előírásoknak, protokolloknak, eljárásrendeknek megfelelően történik, a Pácienssel történt előzetes megbeszélés, felvilágosítás és egyeztetés után, figyelembe véve a Páciens eddigi kórelőzményét, alapbetegségeit azok kórlefolyását, a szövődményeket és az előzetesen nem várt, de esetlegesen kialakuló állapotromlást."},"meta":{},"created_at":"2025-10-03T19:23:28.678120Z","updated_at":"2025-10-04T09:27:47.626069Z","inner_id":16,"total_annotations":1,"cancelled_annotations":0,"total_predictions":0,"comment_count":0,"unresolved_comment_count":0,"last_comment_updated_at":null,"project":3,"updated_by":1,"comment_authors":[]},{"id":17,"annotations":[{"id":18,"completed_by":1,"result":[{"value":{"choices":["5-Könnyen érthető"]},"id":"apwExxPWai","from_name":"sentiment","to_name":"text","type":"choices","origin":"manual"}],"was_cancelled":false,"ground_truth":false,"created_at":"2025-10-04T09:30:24.245934Z","updated_at":"2025-10-04T09:30:24.245966Z","draft_created_at":null,"lead_time":154.817,"prediction":{},"result_count":1,"unique_id":"1552247b-25dc-43c1-87b9-5a50554be478","import_id":null,"last_action":null,"bulk_created":false,"task":17,"project":3,"updated_by":1,"parent_prediction":null,"parent_annotation":null,"last_created_by":null}],"file_upload":"e56b1a61-sportkorhaz_aszf.txt","drafts":[],"predictions":[],"data":{"text":"A Páciens az egészségügyi ellátás dokumentáló Ambuláns lapot, Kórlapot, egyéb keletkező egészségügyi dokumentumot aláírja, mellyel hozzájárul az egészségügyi dokumentumra felvett adatok és információk Szolgáltató általi rögzítéséhez, illetve a rögzített adatok egészségügyi kezelés céljából történő kezeléséhez. Az Ambuláns lap egy példányát a Páciens kézhez kapja."},"meta":{},"created_at":"2025-10-03T19:23:28.678182Z","updated_at":"2025-10-04T09:30:24.968581Z","inner_id":17,"total_annotations":1,"cancelled_annotations":0,"total_predictions":0,"comment_count":0,"unresolved_comment_count":0,"last_comment_updated_at":null,"project":3,"updated_by":1,"comment_authors":[]},{"id":18,"annotations":[{"id":19,"completed_by":1,"result":[{"value":{"choices":["5-Könnyen érthető"]},"id":"rvhWlQH70h","from_name":"sentiment","to_name":"text","type":"choices","origin":"manual"}],"was_cancelled":false,"ground_truth":false,"created_at":"2025-10-04T09:30:37.182595Z","updated_at":"2025-10-04T09:30:37.182902Z","draft_created_at":null,"lead_time":10.463,"prediction":{},"result_count":1,"unique_id":"5084a60d-8513-4bf2-bb85-092b5cc5f6e5","import_id":null,"last_action":null,"bulk_created":false,"task":18,"project":3,"updated_by":1,"parent_prediction":null,"parent_annotation":null,"last_created_by":null}],"file_upload":"e56b1a61-sportkorhaz_aszf.txt","drafts":[],"predictions":[],"data":{"text":"A Páciens aláírásával igazolja, hogy az Ambuláns lap egy példányát átvette, annak tartalmát részletesen ismertették vele, illetve valamennyi betegdokumentáció (végzett vizsgálatok eredményei, előző zárójelentések, adathordozók: CD, RTG, stb.) részére hiánytalanul átadásra kerül."},"meta":{},"created_at":"2025-10-03T19:23:28.678244Z","updated_at":"2025-10-04T09:30:37.904661Z","inner_id":18,"total_annotations":1,"cancelled_annotations":0,"total_predictions":0,"comment_count":0,"unresolved_comment_count":0,"last_comment_updated_at":null,"project":3,"updated_by":1,"comment_authors":[]},{"id":19,"annotations":[{"id":20,"completed_by":1,"result":[{"value":{"choices":["4-Érthető"]},"id":"VR_YyDNNtk","from_name":"sentiment","to_name":"text","type":"choices","origin":"manual"}],"was_cancelled":false,"ground_truth":false,"created_at":"2025-10-04T09:31:08.280711Z","updated_at":"2025-10-04T09:31:08.280763Z","draft_created_at":null,"lead_time":28.616,"prediction":{},"result_count":1,"unique_id":"61922e16-140a-4cc7-a8af-1453b8591fde","import_id":null,"last_action":null,"bulk_created":false,"task":19,"project":3,"updated_by":1,"parent_prediction":null,"parent_annotation":null,"last_created_by":null}],"file_upload":"e56b1a61-sportkorhaz_aszf.txt","drafts":[],"predictions":[],"data":{"text":"A Feleket a szolgáltatási szerződés hatálya alatt együttműködési kötelezettség terheli. A Páciens köteles a Szolgáltatóval (a Szolgáltató orvosaival, alkalmazottaival, az ellátásban közreműködőkkel) a szolgáltatás igénybevétele során mindvégig együttműködni. A Páciens köteles ellátni a Szolgáltatót a szolgáltatás igénybevételével összefüggően egészségügyi állapotát érintő valamennyi lényeges információval. A kezelőorvos, ellátó egészségügyi szakember a Páciens tájékoztatását ezen információk ismeretében, körültekintően, szükség szerint fokozatosan, a Páciens állapotára és körülményeire tekintettel végzi. Amennyiben a kezelés elvégzéséhez a Páciens írásbeli nyilatkozata vagy hozzájárulása szükséges, ezek hiányában a Szolgáltató a szolgáltatás nyújtását megtagadhatja."},"meta":{},"created_at":"2025-10-03T19:23:28.678447Z","updated_at":"2025-10-04T09:31:09.075532Z","inner_id":19,"total_annotations":1,"cancelled_annotations":0,"total_predictions":0,"comment_count":0,"unresolved_comment_count":0,"last_comment_updated_at":null,"project":3,"updated_by":1,"comment_authors":[]},{"id":20,"annotations":[{"id":21,"completed_by":1,"result":[{"value":{"choices":["5-Könnyen érthető"]},"id":"C4B4CT9UCd","from_name":"sentiment","to_name":"text","type":"choices","origin":"manual"}],"was_cancelled":false,"ground_truth":false,"created_at":"2025-10-04T09:31:19.846581Z","updated_at":"2025-10-04T09:31:19.846713Z","draft_created_at":null,"lead_time":9.166,"prediction":{},"result_count":1,"unique_id":"5ed71bff-9d3c-43de-aaec-2af4d70c2184","import_id":null,"last_action":null,"bulk_created":false,"task":20,"project":3,"updated_by":1,"parent_prediction":null,"parent_annotation":null,"last_created_by":null}],"file_upload":"e56b1a61-sportkorhaz_aszf.txt","drafts":[],"predictions":[],"data":{"text":"Vizitet követően a Páciens a kapott dokumentációval a recepcióhoz megy. A recepció ellenőrzi, hogy a szükséges dokumentumokat kitöltötték-e, valamint szerepel-e rajtuk az aláírás. A recepció szükség esetén, lehetőleg az orvossal egyeztetve előjegyzi a páciens számára a következő vizit időpontját. Az esetleges beutalók időpont meghatározását a recepció egyezteti a Pácienssel és a beutalási hellyel."},"meta":{},"created_at":"2025-10-03T19:23:28.678614Z","updated_at":"2025-10-04T09:31:20.505887Z","inner_id":20,"total_annotations":1,"cancelled_annotations":0,"total_predictions":0,"comment_count":0,"unresolved_comment_count":0,"last_comment_updated_at":null,"project":3,"updated_by":1,"comment_authors":[]},{"id":21,"annotations":[{"id":22,"completed_by":1,"result":[{"value":{"choices":["4-Érthető"]},"id":"xafhGZ_u3Z","from_name":"sentiment","to_name":"text","type":"choices","origin":"manual"}],"was_cancelled":false,"ground_truth":false,"created_at":"2025-10-04T09:31:47.995009Z","updated_at":"2025-10-04T09:31:47.995053Z","draft_created_at":"2025-10-04T09:31:44.255233Z","lead_time":25.645,"prediction":{},"result_count":1,"unique_id":"3f18e19c-e6bb-49b7-90be-74079915a825","import_id":null,"last_action":null,"bulk_created":false,"task":21,"project":3,"updated_by":1,"parent_prediction":null,"parent_annotation":null,"last_created_by":null}],"file_upload":"e56b1a61-sportkorhaz_aszf.txt","drafts":[],"predictions":[],"data":{"text":"A Páciens tudomásul veszi, hogy vizsgálati eredmény, Pácienssel összefüggésbe hozható egészségügyi információk telefonon történő bemondására nincs lehetőség. Kivételt képez az életet veszélyeztető eltérés, mely esetben a személyes adatfelvevőben előzetesen megadott telefonszámon, személyazonosság ellenőrzését, személybeazonosítást követően kaphat tájékoztatást, ilyen esetben a telefonon történő eléréssel a Szolgáltató maximum kétszer próbálkozik."},"meta":{},"created_at":"2025-10-03T19:23:28.678884Z","updated_at":"2025-10-04T09:31:48.777332Z","inner_id":21,"total_annotations":1,"cancelled_annotations":0,"total_predictions":0,"comment_count":0,"unresolved_comment_count":0,"last_comment_updated_at":null,"project":3,"updated_by":1,"comment_authors":[]},{"id":22,"annotations":[{"id":23,"completed_by":1,"result":[{"value":{"choices":["4-Érthető"]},"id":"rvoJyLww-z","from_name":"sentiment","to_name":"text","type":"choices","origin":"manual"}],"was_cancelled":false,"ground_truth":false,"created_at":"2025-10-04T09:32:14.468740Z","updated_at":"2025-10-04T09:32:14.468770Z","draft_created_at":null,"lead_time":23.863,"prediction":{},"result_count":1,"unique_id":"b6624783-eb72-41fb-a1c7-a8d168373687","import_id":null,"last_action":null,"bulk_created":false,"task":22,"project":3,"updated_by":1,"parent_prediction":null,"parent_annotation":null,"last_created_by":null}],"file_upload":"e56b1a61-sportkorhaz_aszf.txt","drafts":[],"predictions":[],"data":{"text":"A Páciens az általa igénybe vett szolgáltatásért díjfizetésre köteles, melyet a szolgáltatás igénybevételét követően, a helyszínen köteles kifizetni. A Páciens a szolgáltatás ellenértékeként a szolgáltatások aktuális díjait a rendelőben, valamint a Szolgáltató weboldalán közzétett, mindenkor hatályos árlista alapján kalkulált, vagy egyedi árajánlatban meghatározott díjat köteles fizetni a Szolgáltatónak. A szolgáltatási díj az árlistában szereplő szolgáltatás ellenértéke, mely nem tartalmazza az egyéb, esteleges díjköteles szolgáltatások, valamint a felhasznált gyógyszerek, gyógyászati segédeszközök árát."},"meta":{},"created_at":"2025-10-03T19:23:28.679532Z","updated_at":"2025-10-04T09:32:15.199897Z","inner_id":22,"total_annotations":1,"cancelled_annotations":0,"total_predictions":0,"comment_count":0,"unresolved_comment_count":0,"last_comment_updated_at":null,"project":3,"updated_by":1,"comment_authors":[]},{"id":23,"annotations":[{"id":24,"completed_by":1,"result":[{"value":{"choices":["3-Többé\/kevésbé megértem"]},"id":"wgX_mAfzZe","from_name":"sentiment","to_name":"text","type":"choices","origin":"manual"}],"was_cancelled":false,"ground_truth":false,"created_at":"2025-10-04T09:32:30.710277Z","updated_at":"2025-10-04T09:32:30.710316Z","draft_created_at":null,"lead_time":13.803,"prediction":{},"result_count":1,"unique_id":"6dc93670-2b9c-4059-b915-7d3bb2d3c276","import_id":null,"last_action":null,"bulk_created":false,"task":23,"project":3,"updated_by":1,"parent_prediction":null,"parent_annotation":null,"last_created_by":null}],"file_upload":"e56b1a61-sportkorhaz_aszf.txt","drafts":[],"predictions":[],"data":{"text":"A számlázandó szolgáltatásokról a recepció az ellátó orvostól kap információt az egészségügyi adminisztrációs szoftverbe felvett beavatkozások, illetve további kérések, jelzések által. Számlázásra a recepción beosztott munkatársak jogosultak az ügyvezetőtől kapott megfelelő pénztárkezelési jogosultságok szerint."},"meta":{},"created_at":"2025-10-03T19:23:28.680193Z","updated_at":"2025-10-04T09:32:31.510399Z","inner_id":23,"total_annotations":1,"cancelled_annotations":0,"total_predictions":0,"comment_count":0,"unresolved_comment_count":0,"last_comment_updated_at":null,"project":3,"updated_by":1,"comment_authors":[]},{"id":24,"annotations":[{"id":25,"completed_by":1,"result":[{"value":{"choices":["5-Könnyen érthető"]},"id":"IyBA2sJ4ND","from_name":"sentiment","to_name":"text","type":"choices","origin":"manual"}],"was_cancelled":false,"ground_truth":false,"created_at":"2025-10-04T09:32:56.284739Z","updated_at":"2025-10-04T09:32:56.284770Z","draft_created_at":null,"lead_time":22.973,"prediction":{},"result_count":1,"unique_id":"7be145bf-8a79-4640-8aeb-60bb7ff54aa4","import_id":null,"last_action":null,"bulk_created":false,"task":24,"project":3,"updated_by":1,"parent_prediction":null,"parent_annotation":null,"last_created_by":null}],"file_upload":"e56b1a61-sportkorhaz_aszf.txt","drafts":[],"predictions":[],"data":{"text":"Szolgáltató készpénzes, bankkártyás vagy átutalásos fizetési lehetőséget biztosít. Az ellátásra jelentkező Páciens az ellátási folyamatot magára nézve kötelezőnek ismeri el. A vizsgálatot, beavatkozást követően a helyszínen van lehetőség a szolgáltatás ellenértékét kifizetni a kapott számla ellenében készpénzben."},"meta":{},"created_at":"2025-10-03T19:23:28.680482Z","updated_at":"2025-10-04T09:32:56.916282Z","inner_id":24,"total_annotations":1,"cancelled_annotations":0,"total_predictions":0,"comment_count":0,"unresolved_comment_count":0,"last_comment_updated_at":null,"project":3,"updated_by":1,"comment_authors":[]},{"id":25,"annotations":[{"id":26,"completed_by":1,"result":[{"value":{"choices":["5-Könnyen érthető"]},"id":"XV5jxSECxJ","from_name":"sentiment","to_name":"text","type":"choices","origin":"manual"}],"was_cancelled":false,"ground_truth":false,"created_at":"2025-10-04T09:33:05.914937Z","updated_at":"2025-10-04T09:33:05.915213Z","draft_created_at":null,"lead_time":7.331,"prediction":{},"result_count":1,"unique_id":"6ecb246c-aba2-4de7-ba81-82a047fe1fa8","import_id":null,"last_action":null,"bulk_created":false,"task":25,"project":3,"updated_by":1,"parent_prediction":null,"parent_annotation":null,"last_created_by":null}],"file_upload":"e56b1a61-sportkorhaz_aszf.txt","drafts":[],"predictions":[],"data":{"text":"A Szolgáltató távkonzultációs szolgáltatás ellenértékének kifizetése esetén alkalmazza az átutalásos fizetést, illetve egyéb kivételes esetekben lehetőséget biztosít a Páciens részére, hogy a szolgáltatás ellenértékét átutalás útján fizesse meg."},"meta":{},"created_at":"2025-10-03T19:23:28.680723Z","updated_at":"2025-10-04T09:33:06.911472Z","inner_id":25,"total_annotations":1,"cancelled_annotations":0,"total_predictions":0,"comment_count":0,"unresolved_comment_count":0,"last_comment_updated_at":null,"project":3,"updated_by":1,"comment_authors":[]},{"id":26,"annotations":[{"id":27,"completed_by":1,"result":[{"value":{"choices":["5-Könnyen érthető"]},"id":"Mwfib4JWWK","from_name":"sentiment","to_name":"text","type":"choices","origin":"manual"}],"was_cancelled":false,"ground_truth":false,"created_at":"2025-10-04T09:33:22.832255Z","updated_at":"2025-10-04T09:33:22.832289Z","draft_created_at":null,"lead_time":14.313,"prediction":{},"result_count":1,"unique_id":"330da619-7061-484f-88c5-02bb371d3b00","import_id":null,"last_action":null,"bulk_created":false,"task":26,"project":3,"updated_by":1,"parent_prediction":null,"parent_annotation":null,"last_created_by":null}],"file_upload":"e56b1a61-sportkorhaz_aszf.txt","drafts":[],"predictions":[],"data":{"text":"Amennyiben a páciens távkonzultációt nem a helyszínen egyenlíti ki, akkor van lehetőség átutalással is teljesíteni a számlát. Ehhez meg kell adnia a nevét, címét, hogy az átutalásos számlát ki lehessen állítani a nevére. Minden esetben előre ki kell fizetni a kért szolgáltatás díját, az utalás beérkezése után lehet megtartani a konzultációt."},"meta":{},"created_at":"2025-10-03T19:23:28.681030Z","updated_at":"2025-10-04T09:33:23.542394Z","inner_id":26,"total_annotations":1,"cancelled_annotations":0,"total_predictions":0,"comment_count":0,"unresolved_comment_count":0,"last_comment_updated_at":null,"project":3,"updated_by":1,"comment_authors":[]},{"id":27,"annotations":[{"id":28,"completed_by":1,"result":[{"value":{"choices":["5-Könnyen érthető"]},"id":"yDA0RCFQnR","from_name":"sentiment","to_name":"text","type":"choices","origin":"manual"}],"was_cancelled":false,"ground_truth":false,"created_at":"2025-10-04T09:33:31.152168Z","updated_at":"2025-10-04T09:33:31.152200Z","draft_created_at":null,"lead_time":5.984,"prediction":{},"result_count":1,"unique_id":"6cd0b1fa-579b-493e-ba7a-2b93e33b3ae9","import_id":null,"last_action":null,"bulk_created":false,"task":27,"project":3,"updated_by":1,"parent_prediction":null,"parent_annotation":null,"last_created_by":null}],"file_upload":"e56b1a61-sportkorhaz_aszf.txt","drafts":[],"predictions":[],"data":{"text":"Az utalásnál a megjegyzés rovatban fel kell tüntetni:"},"meta":{},"created_at":"2025-10-03T19:23:28.681248Z","updated_at":"2025-10-04T09:33:31.844878Z","inner_id":27,"total_annotations":1,"cancelled_annotations":0,"total_predictions":0,"comment_count":0,"unresolved_comment_count":0,"last_comment_updated_at":null,"project":3,"updated_by":1,"comment_authors":[]},{"id":28,"annotations":[{"id":29,"completed_by":1,"result":[{"value":{"choices":["5-Könnyen érthető"]},"id":"KW1Zof3wre","from_name":"sentiment","to_name":"text","type":"choices","origin":"manual"}],"was_cancelled":false,"ground_truth":false,"created_at":"2025-10-04T09:33:37.403550Z","updated_at":"2025-10-04T09:33:37.403585Z","draft_created_at":null,"lead_time":3.734,"prediction":{},"result_count":1,"unique_id":"93a79206-238f-4353-837a-a954ed3e6ca0","import_id":null,"last_action":null,"bulk_created":false,"task":28,"project":3,"updated_by":1,"parent_prediction":null,"parent_annotation":null,"last_created_by":null}],"file_upload":"e56b1a61-sportkorhaz_aszf.txt","drafts":[],"predictions":[],"data":{"text":"• számla sorszámát"},"meta":{},"created_at":"2025-10-03T19:23:28.681459Z","updated_at":"2025-10-04T09:33:38.142922Z","inner_id":28,"total_annotations":1,"cancelled_annotations":0,"total_predictions":0,"comment_count":0,"unresolved_comment_count":0,"last_comment_updated_at":null,"project":3,"updated_by":1,"comment_authors":[]},{"id":29,"annotations":[{"id":30,"completed_by":1,"result":[{"value":{"choices":["5-Könnyen érthető"]},"id":"VagD61Cb9B","from_name":"sentiment","to_name":"text","type":"choices","origin":"manual"}],"was_cancelled":false,"ground_truth":false,"created_at":"2025-10-04T09:33:42.483517Z","updated_at":"2025-10-04T09:33:42.483577Z","draft_created_at":null,"lead_time":2.728,"prediction":{},"result_count":1,"unique_id":"2a826b4a-ae74-4c7c-864b-6c7455b1a91d","import_id":null,"last_action":null,"bulk_created":false,"task":29,"project":3,"updated_by":1,"parent_prediction":null,"parent_annotation":null,"last_created_by":null}],"file_upload":"e56b1a61-sportkorhaz_aszf.txt","drafts":[],"predictions":[],"data":{"text":"• szakember nevét"},"meta":{},"created_at":"2025-10-03T19:23:28.681733Z","updated_at":"2025-10-04T09:33:43.235574Z","inner_id":29,"total_annotations":1,"cancelled_annotations":0,"total_predictions":0,"comment_count":0,"unresolved_comment_count":0,"last_comment_updated_at":null,"project":3,"updated_by":1,"comment_authors":[]},{"id":30,"annotations":[{"id":31,"completed_by":1,"result":[{"value":{"choices":["5-Könnyen érthető"]},"id":"jGmNsdvnFJ","from_name":"sentiment","to_name":"text","type":"choices","origin":"manual"}],"was_cancelled":false,"ground_truth":false,"created_at":"2025-10-04T09:33:48.473130Z","updated_at":"2025-10-04T09:33:48.473164Z","draft_created_at":null,"lead_time":3.445,"prediction":{},"result_count":1,"unique_id":"3d9fa30a-8a99-44be-8ea2-fa1947764820","import_id":null,"last_action":null,"bulk_created":false,"task":30,"project":3,"updated_by":1,"parent_prediction":null,"parent_annotation":null,"last_created_by":null}],"file_upload":"e56b1a61-sportkorhaz_aszf.txt","drafts":[],"predictions":[],"data":{"text":"• páciens nevét"},"meta":{},"created_at":"2025-10-03T19:23:28.682061Z","updated_at":"2025-10-04T09:33:49.087546Z","inner_id":30,"total_annotations":1,"cancelled_annotations":0,"total_predictions":0,"comment_count":0,"unresolved_comment_count":0,"last_comment_updated_at":null,"project":3,"updated_by":1,"comment_authors":[]},{"id":31,"annotations":[{"id":32,"completed_by":1,"result":[{"value":{"choices":["5-Könnyen érthető"]},"id":"7fmdt8hLSf","from_name":"sentiment","to_name":"text","type":"choices","origin":"manual"}],"was_cancelled":false,"ground_truth":false,"created_at":"2025-10-04T09:33:54.597059Z","updated_at":"2025-10-04T09:33:54.597130Z","draft_created_at":null,"lead_time":3.843,"prediction":{},"result_count":1,"unique_id":"35955cbe-b233-48c9-89cc-33fb919b3d6d","import_id":null,"last_action":null,"bulk_created":false,"task":31,"project":3,"updated_by":1,"parent_prediction":null,"parent_annotation":null,"last_created_by":null}],"file_upload":"e56b1a61-sportkorhaz_aszf.txt","drafts":[],"predictions":[],"data":{"text":"A fizetéssel kapcsolatos mindennemű költség a Pácienst terheli."},"meta":{},"created_at":"2025-10-03T19:23:28.682155Z","updated_at":"2025-10-04T09:33:55.465350Z","inner_id":31,"total_annotations":1,"cancelled_annotations":0,"total_predictions":0,"comment_count":0,"unresolved_comment_count":0,"last_comment_updated_at":null,"project":3,"updated_by":1,"comment_authors":[]},{"id":32,"annotations":[{"id":33,"completed_by":1,"result":[{"value":{"choices":["5-Könnyen érthető"]},"id":"huG6rqCQH8","from_name":"sentiment","to_name":"text","type":"choices","origin":"manual"}],"was_cancelled":false,"ground_truth":false,"created_at":"2025-10-04T09:34:04.367247Z","updated_at":"2025-10-04T09:34:04.367315Z","draft_created_at":null,"lead_time":7.206,"prediction":{},"result_count":1,"unique_id":"d4413b0f-f8cd-4d28-825c-0d5793d7c307","import_id":null,"last_action":null,"bulk_created":false,"task":32,"project":3,"updated_by":1,"parent_prediction":null,"parent_annotation":null,"last_created_by":null}],"file_upload":"e56b1a61-sportkorhaz_aszf.txt","drafts":[],"predictions":[],"data":{"text":"Kivételes esetekben alkalmazott átutalás útján történő fizetés esetén a fizetési határidő a számla átvételétől számított 8 nap."},"meta":{},"created_at":"2025-10-03T19:23:28.682233Z","updated_at":"2025-10-04T09:34:05.227280Z","inner_id":32,"total_annotations":1,"cancelled_annotations":0,"total_predictions":0,"comment_count":0,"unresolved_comment_count":0,"last_comment_updated_at":null,"project":3,"updated_by":1,"comment_authors":[]},{"id":33,"annotations":[{"id":34,"completed_by":1,"result":[{"value":{"choices":["4-Érthető"]},"id":"xXWsi6a2N0","from_name":"sentiment","to_name":"text","type":"choices","origin":"manual"}],"was_cancelled":false,"ground_truth":false,"created_at":"2025-10-04T09:34:25.735278Z","updated_at":"2025-10-04T09:34:25.735307Z","draft_created_at":null,"lead_time":18.749,"prediction":{},"result_count":1,"unique_id":"ffcc0ce4-ec19-444e-95ad-c75169e89183","import_id":null,"last_action":null,"bulk_created":false,"task":33,"project":3,"updated_by":1,"parent_prediction":null,"parent_annotation":null,"last_created_by":null}],"file_upload":"e56b1a61-sportkorhaz_aszf.txt","drafts":[],"predictions":[],"data":{"text":"A speciális fizetési mód igénybevétele esetén a Páciens kitölti a Speciális fizetési móddal kapcsolatos „Tájékoztató” -t, és a speciális fizetési módra vonatkozó rendelkezéseket, továbbá az ellátási folyamatot magára nézve kötelezőnek ismeri el."},"meta":{},"created_at":"2025-10-03T19:23:28.682307Z","updated_at":"2025-10-04T09:34:26.538300Z","inner_id":33,"total_annotations":1,"cancelled_annotations":0,"total_predictions":0,"comment_count":0,"unresolved_comment_count":0,"last_comment_updated_at":null,"project":3,"updated_by":1,"comment_authors":[]},{"id":34,"annotations":[{"id":35,"completed_by":1,"result":[{"value":{"choices":["5-Könnyen érthető"]},"id":"NbCRshU5rk","from_name":"sentiment","to_name":"text","type":"choices","origin":"manual"}],"was_cancelled":false,"ground_truth":false,"created_at":"2025-10-04T09:34:35.148036Z","updated_at":"2025-10-04T09:34:35.148108Z","draft_created_at":null,"lead_time":6.662,"prediction":{},"result_count":1,"unique_id":"99a0feae-8f7b-4657-b494-567c626acbd1","import_id":null,"last_action":null,"bulk_created":false,"task":34,"project":3,"updated_by":1,"parent_prediction":null,"parent_annotation":null,"last_created_by":null}],"file_upload":"e56b1a61-sportkorhaz_aszf.txt","drafts":[],"predictions":[],"data":{"text":"A szolgáltató a „Tájékoztató” -ban minden esetben feltünteti a fizetési határidőt és az átutalásnál megadandó bankszámla számát."},"meta":{},"created_at":"2025-10-03T19:23:28.682378Z","updated_at":"2025-10-04T09:34:35.926699Z","inner_id":34,"total_annotations":1,"cancelled_annotations":0,"total_predictions":0,"comment_count":0,"unresolved_comment_count":0,"last_comment_updated_at":null,"project":3,"updated_by":1,"comment_authors":[]},{"id":35,"annotations":[{"id":36,"completed_by":1,"result":[{"value":{"choices":["4-Érthető"]},"id":"ht3LkGv2hN","from_name":"sentiment","to_name":"text","type":"choices","origin":"manual"}],"was_cancelled":false,"ground_truth":false,"created_at":"2025-10-04T09:34:53.347502Z","updated_at":"2025-10-04T09:34:53.347533Z","draft_created_at":null,"lead_time":15.765,"prediction":{},"result_count":1,"unique_id":"6fcff0ba-164a-40de-8165-e96fbdca16be","import_id":null,"last_action":null,"bulk_created":false,"task":35,"project":3,"updated_by":1,"parent_prediction":null,"parent_annotation":null,"last_created_by":null}],"file_upload":"e56b1a61-sportkorhaz_aszf.txt","drafts":[],"predictions":[],"data":{"text":"Ha a Páciens a számlával kapcsolatosan reklamációval él és a reklamációt a díjfizetési határidő lejárta előtt nyújtja be a Szolgáltatóhoz, a bejelentéssel érintett díjtétel vonatkozásában a díjfizetési határidő a reklamáció megvizsgálásának időtartamával meghosszabbodik. Lejárt befizetési határidejű számlára benyújtott reklamációnak a fizetésre nincs halasztó hatálya."},"meta":{},"created_at":"2025-10-03T19:23:28.683038Z","updated_at":"2025-10-04T09:34:54.064337Z","inner_id":35,"total_annotations":1,"cancelled_annotations":0,"total_predictions":0,"comment_count":0,"unresolved_comment_count":0,"last_comment_updated_at":null,"project":3,"updated_by":1,"comment_authors":[]},{"id":36,"annotations":[{"id":37,"completed_by":1,"result":[{"value":{"choices":["5-Könnyen érthető"]},"id":"V8ModaPKDO","from_name":"sentiment","to_name":"text","type":"choices","origin":"manual"}],"was_cancelled":false,"ground_truth":false,"created_at":"2025-10-04T09:35:03.699439Z","updated_at":"2025-10-04T09:35:03.699469Z","draft_created_at":null,"lead_time":7.946,"prediction":{},"result_count":1,"unique_id":"f10b768d-4bcb-4d9c-9ca2-5a6000687b86","import_id":null,"last_action":null,"bulk_created":false,"task":36,"project":3,"updated_by":1,"parent_prediction":null,"parent_annotation":null,"last_created_by":null}],"file_upload":"e56b1a61-sportkorhaz_aszf.txt","drafts":[],"predictions":[],"data":{"text":"A fizetéssel kapcsolatos mindennemű költség a Pácienst terheli."},"meta":{},"created_at":"2025-10-03T19:23:28.683460Z","updated_at":"2025-10-04T09:35:04.401965Z","inner_id":36,"total_annotations":1,"cancelled_annotations":0,"total_predictions":0,"comment_count":0,"unresolved_comment_count":0,"last_comment_updated_at":null,"project":3,"updated_by":1,"comment_authors":[]},{"id":37,"annotations":[{"id":38,"completed_by":1,"result":[{"value":{"choices":["5-Könnyen érthető"]},"id":"WDLygidARY","from_name":"sentiment","to_name":"text","type":"choices","origin":"manual"}],"was_cancelled":false,"ground_truth":false,"created_at":"2025-10-04T09:35:45.839644Z","updated_at":"2025-10-04T09:35:45.839677Z","draft_created_at":null,"lead_time":39.766,"prediction":{},"result_count":1,"unique_id":"6f247f61-25b8-4bd1-8736-693d95d0298e","import_id":null,"last_action":null,"bulk_created":false,"task":37,"project":3,"updated_by":1,"parent_prediction":null,"parent_annotation":null,"last_created_by":null}],"file_upload":"e56b1a61-sportkorhaz_aszf.txt","drafts":[],"predictions":[],"data":{"text":"Bankkártyás fizetési módra lehetőséget biztosít a Szolgáltató a vizsgálat, beavatkozás helyszínen, továbbá egyes szolgáltatások esetén előzetesen online."},"meta":{},"created_at":"2025-10-03T19:23:28.684049Z","updated_at":"2025-10-04T09:35:46.392368Z","inner_id":37,"total_annotations":1,"cancelled_annotations":0,"total_predictions":0,"comment_count":0,"unresolved_comment_count":0,"last_comment_updated_at":null,"project":3,"updated_by":1,"comment_authors":[]},{"id":38,"annotations":[{"id":39,"completed_by":1,"result":[{"value":{"choices":["5-Könnyen érthető"]},"id":"MGm6V4olOT","from_name":"sentiment","to_name":"text","type":"choices","origin":"manual"}],"was_cancelled":false,"ground_truth":false,"created_at":"2025-10-04T09:35:57.752637Z","updated_at":"2025-10-04T09:35:57.752668Z","draft_created_at":null,"lead_time":9.704,"prediction":{},"result_count":1,"unique_id":"a8b49dad-5cf3-4723-b30b-0b9e5bb79635","import_id":null,"last_action":null,"bulk_created":false,"task":38,"project":3,"updated_by":1,"parent_prediction":null,"parent_annotation":null,"last_created_by":null}],"file_upload":"e56b1a61-sportkorhaz_aszf.txt","drafts":[],"predictions":[],"data":{"text":"Az online időpont foglalásával a Páciens kifejezetten tudomásul veszi, hogy a foglalás megtörténtével közte és a Szolgáltató között egészségügyi szolgáltatási szerződés jön létre, mely alapján a Szolgáltató kötelessége a lefoglalt egészségügyi szolgáltatás teljesítése, a Páciens kötelezettsége a megfelelő vizitdíj fizetése."},"meta":{},"created_at":"2025-10-03T19:23:28.684425Z","updated_at":"2025-10-04T09:35:58.656106Z","inner_id":38,"total_annotations":1,"cancelled_annotations":0,"total_predictions":0,"comment_count":0,"unresolved_comment_count":0,"last_comment_updated_at":null,"project":3,"updated_by":1,"comment_authors":[]},{"id":39,"annotations":[{"id":40,"completed_by":1,"result":[{"value":{"choices":["3-Többé\/kevésbé megértem"]},"id":"JM4SNqWHTl","from_name":"sentiment","to_name":"text","type":"choices","origin":"manual"}],"was_cancelled":false,"ground_truth":false,"created_at":"2025-10-04T09:36:23.962947Z","updated_at":"2025-10-04T09:36:23.962982Z","draft_created_at":null,"lead_time":23.627,"prediction":{},"result_count":1,"unique_id":"bc79994e-f20d-410d-b9c2-04aec6721e0b","import_id":null,"last_action":null,"bulk_created":false,"task":39,"project":3,"updated_by":1,"parent_prediction":null,"parent_annotation":null,"last_created_by":null}],"file_upload":"e56b1a61-sportkorhaz_aszf.txt","drafts":[],"predictions":[],"data":{"text":"Az online időpontfoglalások esetén bevezetésre került a rendelkezésre állási díj, amely szándékmegerősítésként szolgál az intézmény és orvosok irányába. A rendelkezésre állási díj összegét a Szolgáltató honlapján (www.sportorvosikozpont.hu) megtalálható mindenkori árlista tartalmazza. A rendelkezésre állási díjat az online foglalás során a rendszer által jelzett keretidőn belül szükséges megfizetni az időpont véglegesítéséhez. A sikeres fizetés visszaigazolásaként előlegszámla kerül kiállításra, amely a végleges időpontfoglalással kapcsolatos információkkal együtt emailben kerül megküldésre. A rendelkezésre állási díj a vizitdíj összegéből levonásra kerül."},"meta":{},"created_at":"2025-10-03T19:23:28.685066Z","updated_at":"2025-10-04T09:36:24.701954Z","inner_id":39,"total_annotations":1,"cancelled_annotations":0,"total_predictions":0,"comment_count":0,"unresolved_comment_count":0,"last_comment_updated_at":null,"project":3,"updated_by":1,"comment_authors":[]},{"id":40,"annotations":[{"id":41,"completed_by":1,"result":[{"value":{"choices":["5-Könnyen érthető"]},"id":"zpfj1eJQFF","from_name":"sentiment","to_name":"text","type":"choices","origin":"manual"}],"was_cancelled":false,"ground_truth":false,"created_at":"2025-10-04T09:36:31.210392Z","updated_at":"2025-10-04T09:36:31.210475Z","draft_created_at":null,"lead_time":4.819,"prediction":{},"result_count":1,"unique_id":"e925e3b4-89e4-43f6-b8a4-db7fdb23be76","import_id":null,"last_action":null,"bulk_created":false,"task":40,"project":3,"updated_by":1,"parent_prediction":null,"parent_annotation":null,"last_created_by":null}],"file_upload":"e56b1a61-sportkorhaz_aszf.txt","drafts":[],"predictions":[],"data":{"text":"• Páciens által történő időpont módosítás:"},"meta":{},"created_at":"2025-10-03T19:23:28.685391Z","updated_at":"2025-10-04T09:36:31.987574Z","inner_id":40,"total_annotations":1,"cancelled_annotations":0,"total_predictions":0,"comment_count":0,"unresolved_comment_count":0,"last_comment_updated_at":null,"project":3,"updated_by":1,"comment_authors":[]},{"id":41,"annotations":[{"id":42,"completed_by":1,"result":[{"value":{"choices":["5-Könnyen érthető"]},"id":"B3OWSllXlU","from_name":"sentiment","to_name":"text","type":"choices","origin":"manual"}],"was_cancelled":false,"ground_truth":false,"created_at":"2025-10-04T09:36:42.008164Z","updated_at":"2025-10-04T09:36:42.008608Z","draft_created_at":null,"lead_time":8.263,"prediction":{},"result_count":1,"unique_id":"0e26b75c-96a4-42b1-ba1f-05c7d8043856","import_id":null,"last_action":null,"bulk_created":false,"task":41,"project":3,"updated_by":1,"parent_prediction":null,"parent_annotation":null,"last_created_by":null}],"file_upload":"e56b1a61-sportkorhaz_aszf.txt","drafts":[],"predictions":[],"data":{"text":"• Az előzetesen lefoglalt időpontot átfoglalni\/módosítani a rendelés megkezdése előtt minimum 24 órával, egyszeri alkalommal van lehetősége a Páciensnek. Időpontmódosítást emailben, valamint ügyfélkapun és applikáción is kérhet."},"meta":{},"created_at":"2025-10-03T19:23:28.685760Z","updated_at":"2025-10-04T09:36:42.769240Z","inner_id":41,"total_annotations":1,"cancelled_annotations":0,"total_predictions":0,"comment_count":0,"unresolved_comment_count":0,"last_comment_updated_at":null,"project":3,"updated_by":1,"comment_authors":[]},{"id":42,"annotations":[{"id":43,"completed_by":1,"result":[{"value":{"choices":["5-Könnyen érthető"]},"id":"_kWvYw5wJE","from_name":"sentiment","to_name":"text","type":"choices","origin":"manual"}],"was_cancelled":false,"ground_truth":false,"created_at":"2025-10-04T09:36:48.436496Z","updated_at":"2025-10-04T09:36:48.436538Z","draft_created_at":null,"lead_time":3.878,"prediction":{},"result_count":1,"unique_id":"77be6d7f-e9e5-42f3-93c7-e9127d69e254","import_id":null,"last_action":null,"bulk_created":false,"task":42,"project":3,"updated_by":1,"parent_prediction":null,"parent_annotation":null,"last_created_by":null}],"file_upload":"e56b1a61-sportkorhaz_aszf.txt","drafts":[],"predictions":[],"data":{"text":"• Az időpontmódosításról és a vizit részleteiről újabb email értesítést küld a rendszer."},"meta":{},"created_at":"2025-10-03T19:23:28.686280Z","updated_at":"2025-10-04T09:36:49.276571Z","inner_id":42,"total_annotations":1,"cancelled_annotations":0,"total_predictions":0,"comment_count":0,"unresolved_comment_count":0,"last_comment_updated_at":null,"project":3,"updated_by":1,"comment_authors":[]},{"id":43,"annotations":[{"id":44,"completed_by":1,"result":[{"value":{"choices":["5-Könnyen érthető"]},"id":"reb3oK4cBw","from_name":"sentiment","to_name":"text","type":"choices","origin":"manual"}],"was_cancelled":false,"ground_truth":false,"created_at":"2025-10-04T09:36:55.446587Z","updated_at":"2025-10-04T09:36:55.446618Z","draft_created_at":null,"lead_time":4.406,"prediction":{},"result_count":1,"unique_id":"264a667a-547f-4750-9360-4b4d7e791260","import_id":null,"last_action":null,"bulk_created":false,"task":43,"project":3,"updated_by":1,"parent_prediction":null,"parent_annotation":null,"last_created_by":null}],"file_upload":"e56b1a61-sportkorhaz_aszf.txt","drafts":[],"predictions":[],"data":{"text":"• Páciens által történő időpont lemondás:"},"meta":{},"created_at":"2025-10-03T19:23:28.686391Z","updated_at":"2025-10-04T09:36:56.144008Z","inner_id":43,"total_annotations":1,"cancelled_annotations":0,"total_predictions":0,"comment_count":0,"unresolved_comment_count":0,"last_comment_updated_at":null,"project":3,"updated_by":1,"comment_authors":[]},{"id":44,"annotations":[{"id":45,"completed_by":1,"result":[{"value":{"choices":["5-Könnyen érthető"]},"id":"Gr0OOQPSGw","from_name":"sentiment","to_name":"text","type":"choices","origin":"manual"}],"was_cancelled":false,"ground_truth":false,"created_at":"2025-10-04T09:37:04.025524Z","updated_at":"2025-10-04T09:37:04.025574Z","draft_created_at":null,"lead_time":6.155,"prediction":{},"result_count":1,"unique_id":"bffe73c2-017e-403c-9812-4002b4939b07","import_id":null,"last_action":null,"bulk_created":false,"task":44,"project":3,"updated_by":1,"parent_prediction":null,"parent_annotation":null,"last_created_by":null}],"file_upload":"e56b1a61-sportkorhaz_aszf.txt","drafts":[],"predictions":[],"data":{"text":"• Az előzetesen lefoglalt időpontot lemondani a rendelés megkezdése előtt minimum"},"meta":{},"created_at":"2025-10-03T19:23:28.686477Z","updated_at":"2025-10-04T09:37:04.750832Z","inner_id":44,"total_annotations":1,"cancelled_annotations":0,"total_predictions":0,"comment_count":0,"unresolved_comment_count":0,"last_comment_updated_at":null,"project":3,"updated_by":1,"comment_authors":[]},{"id":45,"annotations":[{"id":46,"completed_by":1,"result":[{"value":{"choices":["5-Könnyen érthető"]},"id":"fH8SlVnnK3","from_name":"sentiment","to_name":"text","type":"choices","origin":"manual"}],"was_cancelled":false,"ground_truth":false,"created_at":"2025-10-04T09:37:27.025906Z","updated_at":"2025-10-04T09:37:27.025935Z","draft_created_at":null,"lead_time":20.561,"prediction":{},"result_count":1,"unique_id":"aab7e2bb-50ee-466f-9de3-44aed0383ed7","import_id":null,"last_action":null,"bulk_created":false,"task":45,"project":3,"updated_by":1,"parent_prediction":null,"parent_annotation":null,"last_created_by":null}],"file_upload":"e56b1a61-sportkorhaz_aszf.txt","drafts":[],"predictions":[],"data":{"text":"24 órával van lehetősége a Páciensnek. A befoglalt időpontot 24 órával megelőző lemondás esetén a rendszer törli az időpontfoglalást, sztornószámlát állít ki és a rendelkezésre állási díj összegét automatikusan visszatéríti a fizetést indító kártyaszámra, az összeg jóváírása a Páciens saját bankja általi jóváírást követően lesz elérhető."},"meta":{},"created_at":"2025-10-03T19:23:28.686624Z","updated_at":"2025-10-04T09:37:27.768851Z","inner_id":45,"total_annotations":1,"cancelled_annotations":0,"total_predictions":0,"comment_count":0,"unresolved_comment_count":0,"last_comment_updated_at":null,"project":3,"updated_by":1,"comment_authors":[]},{"id":46,"annotations":[{"id":47,"completed_by":1,"result":[{"value":{"choices":["4-Érthető"]},"id":"8wZNPdAwxe","from_name":"sentiment","to_name":"text","type":"choices","origin":"manual"}],"was_cancelled":false,"ground_truth":false,"created_at":"2025-10-04T09:37:54.155624Z","updated_at":"2025-10-04T09:37:54.155656Z","draft_created_at":null,"lead_time":24.598,"prediction":{},"result_count":1,"unique_id":"7f2b4932-ef39-4fb5-8066-c0b30c7788e9","import_id":null,"last_action":null,"bulk_created":false,"task":46,"project":3,"updated_by":1,"parent_prediction":null,"parent_annotation":null,"last_created_by":null}],"file_upload":"e56b1a61-sportkorhaz_aszf.txt","drafts":[],"predictions":[],"data":{"text":"• A lemondás kizárólag emailen lehetséges a vizit megkezdése előtt a 24 órával. A rendelő központi email címén. Páciens kifejezetten tudomásul veszi, hogy ha a lefoglalt időpont lemondására a vizit az időpontját megelőző 24 órán belül kerül sor (továbbá, ha az időpontfoglalás ellenére nem jelenik meg a viziten, és előzetesen az időpontot a fent írtak szerint nem módosította), a rendelkezésre állási díj összege nem jár vissza. A Páciens kifejezetten tudomásul veszi, hogy ha tévesen foglal időpontot és a téves foglalását a fentiek szerint nem módosítja a megfelelő szakemberhez történő (eredeti foglalt rendelés megkezdése előtt minimum 24 órával történő) átfoglalással, vagy mondja le a téves foglalását a rendelésmegkezdése előtt minimum 24 órával, a rendelkezési összege nem jár vissza."},"meta":{},"created_at":"2025-10-03T19:23:28.686709Z","updated_at":"2025-10-04T09:37:54.879003Z","inner_id":46,"total_annotations":1,"cancelled_annotations":0,"total_predictions":0,"comment_count":0,"unresolved_comment_count":0,"last_comment_updated_at":null,"project":3,"updated_by":1,"comment_authors":[]},{"id":47,"annotations":[{"id":48,"completed_by":1,"result":[{"value":{"choices":["5-Könnyen érthető"]},"id":"ozWrEHrO0S","from_name":"sentiment","to_name":"text","type":"choices","origin":"manual"}],"was_cancelled":false,"ground_truth":false,"created_at":"2025-10-04T09:38:05.077836Z","updated_at":"2025-10-04T09:38:05.077869Z","draft_created_at":null,"lead_time":8.564,"prediction":{},"result_count":1,"unique_id":"c0d63afd-0cc5-4f2b-b6c6-7588a63deacd","import_id":null,"last_action":null,"bulk_created":false,"task":47,"project":3,"updated_by":1,"parent_prediction":null,"parent_annotation":null,"last_created_by":null}],"file_upload":"e56b1a61-sportkorhaz_aszf.txt","drafts":[],"predictions":[],"data":{"text":"• A Szolgáltató jogosult az előzetesen lefoglalt vizit időpontját megelőzően (az eredeti foglalás szerinti szakemberhez, vagy a szakterületnek megfelelő szakemberhez) új, az eredeti időponthoz képest 30 napon belüli időpontot javasolni a Páciensnek."},"meta":{},"created_at":"2025-10-03T19:23:28.686785Z","updated_at":"2025-10-04T09:38:05.950236Z","inner_id":47,"total_annotations":1,"cancelled_annotations":0,"total_predictions":0,"comment_count":0,"unresolved_comment_count":0,"last_comment_updated_at":null,"project":3,"updated_by":1,"comment_authors":[]},{"id":48,"annotations":[{"id":49,"completed_by":1,"result":[{"value":{"choices":["5-Könnyen érthető"]},"id":"HJ9Si93EO2","from_name":"sentiment","to_name":"text","type":"choices","origin":"manual"}],"was_cancelled":false,"ground_truth":false,"created_at":"2025-10-04T09:38:18.359519Z","updated_at":"2025-10-04T09:38:18.359554Z","draft_created_at":null,"lead_time":10.665,"prediction":{},"result_count":1,"unique_id":"7ae1b05e-1170-4390-97a4-f3a8405182bd","import_id":null,"last_action":null,"bulk_created":false,"task":48,"project":3,"updated_by":1,"parent_prediction":null,"parent_annotation":null,"last_created_by":null}],"file_upload":"e56b1a61-sportkorhaz_aszf.txt","drafts":[],"predictions":[],"data":{"text":"• Amennyiben a Szolgáltató általi időpont módosítást a Páciens nem fogadja el, elállhat a szerződéstől, amely esetben a rendelkezésre állási díj visszajár a Páciensnek."},"meta":{},"created_at":"2025-10-03T19:23:28.686858Z","updated_at":"2025-10-04T09:38:19.088510Z","inner_id":48,"total_annotations":1,"cancelled_annotations":0,"total_predictions":0,"comment_count":0,"unresolved_comment_count":0,"last_comment_updated_at":null,"project":3,"updated_by":1,"comment_authors":[]},{"id":49,"annotations":[{"id":50,"completed_by":1,"result":[{"value":{"choices":["4-Érthető"]},"id":"2M5Azy7NdJ","from_name":"sentiment","to_name":"text","type":"choices","origin":"manual"}],"was_cancelled":false,"ground_truth":false,"created_at":"2025-10-04T09:38:37.696288Z","updated_at":"2025-10-04T09:38:37.696367Z","draft_created_at":null,"lead_time":16.926,"prediction":{},"result_count":1,"unique_id":"0e67c3ae-35a9-4365-bf8a-0b7f89d0bcb1","import_id":null,"last_action":null,"bulk_created":false,"task":49,"project":3,"updated_by":1,"parent_prediction":null,"parent_annotation":null,"last_created_by":null}],"file_upload":"e56b1a61-sportkorhaz_aszf.txt","drafts":[],"predictions":[],"data":{"text":"• Amennyiben a Szolgáltató mondja le az előzetesen foglalt vizit időpontját a rendelkezésre állási díj visszajár a Páciensnek. A sikeresen megvalósuló vizitet követően végszámla kerül kiállításra, melyből a kifizetett rendelkezésre állási díj levonásra kerül. Időpont lemondásánál vagy módosításánál a Páciens részére elvész az eredeti időpont. A fizetéssel kapcsolatos mindennemű költség a pácienst terheli."},"meta":{},"created_at":"2025-10-03T19:23:28.686932Z","updated_at":"2025-10-04T09:38:38.436942Z","inner_id":49,"total_annotations":1,"cancelled_annotations":0,"total_predictions":0,"comment_count":0,"unresolved_comment_count":0,"last_comment_updated_at":null,"project":3,"updated_by":1,"comment_authors":[]},{"id":50,"annotations":[{"id":51,"completed_by":1,"result":[{"value":{"choices":["5-Könnyen érthető"]},"id":"LxPpTkDoGk","from_name":"sentiment","to_name":"text","type":"choices","origin":"manual"}],"was_cancelled":false,"ground_truth":false,"created_at":"2025-10-04T09:38:43.391136Z","updated_at":"2025-10-04T09:38:43.391212Z","draft_created_at":null,"lead_time":3.359,"prediction":{},"result_count":1,"unique_id":"2def31cd-8dcb-45b4-917b-f03cbc4a5550","import_id":null,"last_action":null,"bulk_created":false,"task":50,"project":3,"updated_by":1,"parent_prediction":null,"parent_annotation":null,"last_created_by":null}],"file_upload":"e56b1a61-sportkorhaz_aszf.txt","drafts":[],"predictions":[],"data":{"text":"Előzetes online bankkártyás fizetésre vonatkozó szabályok:"},"meta":{},"created_at":"2025-10-03T19:23:28.687045Z","updated_at":"2025-10-04T09:38:44.154855Z","inner_id":50,"total_annotations":1,"cancelled_annotations":0,"total_predictions":0,"comment_count":0,"unresolved_comment_count":0,"last_comment_updated_at":null,"project":3,"updated_by":1,"comment_authors":[]},{"id":51,"annotations":[{"id":52,"completed_by":1,"result":[{"value":{"choices":["5-Könnyen érthető"]},"id":"_GNfCqRgY2","from_name":"sentiment","to_name":"text","type":"choices","origin":"manual"}],"was_cancelled":false,"ground_truth":false,"created_at":"2025-10-04T09:39:03.131196Z","updated_at":"2025-10-04T09:39:03.131238Z","draft_created_at":null,"lead_time":17.285,"prediction":{},"result_count":1,"unique_id":"1d3a865d-7c7c-4869-9088-7211f167f8b2","import_id":null,"last_action":null,"bulk_created":false,"task":51,"project":3,"updated_by":1,"parent_prediction":null,"parent_annotation":null,"last_created_by":null}],"file_upload":"e56b1a61-sportkorhaz_aszf.txt","drafts":[],"predictions":[],"data":{"text":"• Egyes szolgáltatások online időpont foglalása során kötelező a szolgáltatás díjának kiegyenlítése az időpont foglalás részeként. Amennyiben a szolgáltatás díjának kiegyenlítése az időpontfoglalást követő 15 percen belül nem történik meg, az online időpontfoglalás automatikusan törlésre kerül."},"meta":{},"created_at":"2025-10-03T19:23:28.687129Z","updated_at":"2025-10-04T09:39:03.866000Z","inner_id":51,"total_annotations":1,"cancelled_annotations":0,"total_predictions":0,"comment_count":0,"unresolved_comment_count":0,"last_comment_updated_at":null,"project":3,"updated_by":1,"comment_authors":[]},{"id":52,"annotations":[{"id":53,"completed_by":1,"result":[{"value":{"choices":["2-Nehezen érthető"]},"id":"YVU7FykaWZ","from_name":"sentiment","to_name":"text","type":"choices","origin":"manual"}],"was_cancelled":false,"ground_truth":false,"created_at":"2025-10-04T09:39:25.668795Z","updated_at":"2025-10-04T09:39:25.668828Z","draft_created_at":null,"lead_time":20.229,"prediction":{},"result_count":1,"unique_id":"7806003d-b598-4dd3-8483-b18e378c5635","import_id":null,"last_action":null,"bulk_created":false,"task":52,"project":3,"updated_by":1,"parent_prediction":null,"parent_annotation":null,"last_created_by":null}],"file_upload":"e56b1a61-sportkorhaz_aszf.txt","drafts":[],"predictions":[],"data":{"text":"• Az online fizetés közvetítő szerepét a Mediad Kft. látja el. A Szolgáltató a fizetési határidő eredménytelen leteltét követően jogosult napi kamatot számítani a Páciens ki nem fizetett tartozása után a késedelem első napjától számítva. A kamat mértéke évi 15%. A Páciens felelős a fizetési kötelezettségének nem teljesítése miatt felmerült költségekért. A Páciens a tartozás behajtásában közreműködők által felszámított költségeket, mint kárt köteles megfizetni."},"meta":{},"created_at":"2025-10-03T19:23:28.687203Z","updated_at":"2025-10-04T09:39:26.439360Z","inner_id":52,"total_annotations":1,"cancelled_annotations":0,"total_predictions":0,"comment_count":0,"unresolved_comment_count":0,"last_comment_updated_at":null,"project":3,"updated_by":1,"comment_authors":[]},{"id":53,"annotations":[{"id":54,"completed_by":1,"result":[{"value":{"choices":["3-Többé\/kevésbé megértem"]},"id":"SahXbC2ydY","from_name":"sentiment","to_name":"text","type":"choices","origin":"manual"}],"was_cancelled":false,"ground_truth":false,"created_at":"2025-10-04T09:39:42.015784Z","updated_at":"2025-10-04T09:39:42.015822Z","draft_created_at":null,"lead_time":13.706,"prediction":{},"result_count":1,"unique_id":"a6fa4aa8-5db2-4acb-98f6-1fb5492513f9","import_id":null,"last_action":null,"bulk_created":false,"task":53,"project":3,"updated_by":1,"parent_prediction":null,"parent_annotation":null,"last_created_by":null}],"file_upload":"e56b1a61-sportkorhaz_aszf.txt","drafts":[],"predictions":[],"data":{"text":"Amennyiben a Páciens késedelmi kamattal, költséggel és szolgáltatási díjjal is tartozik, és a fizetett összeg az egész tartozás kiegyenlítésére nem elég, azt az Szolgáltató jogosult elsősorban a költségre, azután késedelmi kamatra és végül a díjtartozásra elszámolni."},"meta":{},"created_at":"2025-10-03T19:23:28.687272Z","updated_at":"2025-10-04T09:39:42.592833Z","inner_id":53,"total_annotations":1,"cancelled_annotations":0,"total_predictions":0,"comment_count":0,"unresolved_comment_count":0,"last_comment_updated_at":null,"project":3,"updated_by":1,"comment_authors":[]},{"id":54,"annotations":[{"id":55,"completed_by":1,"result":[{"value":{"choices":["5-Könnyen érthető"]},"id":"evcywHm5UH","from_name":"sentiment","to_name":"text","type":"choices","origin":"manual"}],"was_cancelled":false,"ground_truth":false,"created_at":"2025-10-04T09:39:54.541577Z","updated_at":"2025-10-04T09:39:54.541664Z","draft_created_at":null,"lead_time":10.263,"prediction":{},"result_count":1,"unique_id":"a7c3cbd6-96c0-4d57-9ebe-6e461796ff07","import_id":null,"last_action":null,"bulk_created":false,"task":54,"project":3,"updated_by":1,"parent_prediction":null,"parent_annotation":null,"last_created_by":null}],"file_upload":"e56b1a61-sportkorhaz_aszf.txt","drafts":[],"predictions":[],"data":{"text":"A Páciens elfogadja, hogy az orvosi szakma szabályainak, és ez által a rendelő belső szabályzatának megfelelően a vizit alkalmával indikált laboratóriumi, képalkotó vagy egyéb diagnosztikai eredmények kiértékelésére külön kontroll vizit keretében a további teendők, vizsgálatok, kezelés átbeszélésével együtt kerülhet sor."},"meta":{},"created_at":"2025-10-03T19:23:28.687353Z","updated_at":"2025-10-04T09:39:55.504982Z","inner_id":54,"total_annotations":1,"cancelled_annotations":0,"total_predictions":0,"comment_count":0,"unresolved_comment_count":0,"last_comment_updated_at":null,"project":3,"updated_by":1,"comment_authors":[]},{"id":55,"annotations":[{"id":56,"completed_by":1,"result":[{"value":{"choices":["4-Érthető"]},"id":"MedjleIEQX","from_name":"sentiment","to_name":"text","type":"choices","origin":"manual"}],"was_cancelled":false,"ground_truth":false,"created_at":"2025-10-04T09:40:08.289070Z","updated_at":"2025-10-04T09:40:08.289097Z","draft_created_at":null,"lead_time":11.141,"prediction":{},"result_count":1,"unique_id":"45cfd4c2-9987-4f07-ac2b-fa88a221f014","import_id":null,"last_action":null,"bulk_created":false,"task":55,"project":3,"updated_by":1,"parent_prediction":null,"parent_annotation":null,"last_created_by":null}],"file_upload":"e56b1a61-sportkorhaz_aszf.txt","drafts":[],"predictions":[],"data":{"text":"Kiértékelésre sem e-mailen, sem telefonon nincs lehetőség. A kiértékelés díját a szolgáltatások díja nem tartalmazza."},"meta":{},"created_at":"2025-10-03T19:23:28.687415Z","updated_at":"2025-10-04T09:40:09.047454Z","inner_id":55,"total_annotations":1,"cancelled_annotations":0,"total_predictions":0,"comment_count":0,"unresolved_comment_count":0,"last_comment_updated_at":null,"project":3,"updated_by":1,"comment_authors":[]},{"id":56,"annotations":[{"id":57,"completed_by":1,"result":[{"value":{"choices":["2-Nehezen érthető"]},"id":"p5bCgKKaf4","from_name":"sentiment","to_name":"text","type":"choices","origin":"manual"}],"was_cancelled":false,"ground_truth":false,"created_at":"2025-10-04T09:40:27.912889Z","updated_at":"2025-10-04T09:40:27.912999Z","draft_created_at":null,"lead_time":17.212,"prediction":{},"result_count":1,"unique_id":"bdb3480e-3b0f-41d8-af86-c460fc72fd66","import_id":null,"last_action":null,"bulk_created":false,"task":56,"project":3,"updated_by":1,"parent_prediction":null,"parent_annotation":null,"last_created_by":null}],"file_upload":"e56b1a61-sportkorhaz_aszf.txt","drafts":[],"predictions":[],"data":{"text":"Amennyiben a Páciens kiértékelésre nem tart igényt, az eredményekről a hatályos adatvédelmi jogszabályoknak megfelelően, így különösen az 1997. évi CLIV. törvény 24§ 3\/c bekezdés értelmében a jelen ÁSZF-ben és az egyedi szolgáltatási szerződés betartásával, írásban másolatot kérhet."},"meta":{},"created_at":"2025-10-03T19:23:28.687480Z","updated_at":"2025-10-04T09:40:28.581704Z","inner_id":56,"total_annotations":1,"cancelled_annotations":0,"total_predictions":0,"comment_count":0,"unresolved_comment_count":0,"last_comment_updated_at":null,"project":3,"updated_by":1,"comment_authors":[]},{"id":57,"annotations":[{"id":58,"completed_by":1,"result":[{"value":{"choices":["5-Könnyen érthető"]},"id":"aOUuiUkHdH","from_name":"sentiment","to_name":"text","type":"choices","origin":"manual"}],"was_cancelled":false,"ground_truth":false,"created_at":"2025-10-04T09:40:34.639928Z","updated_at":"2025-10-04T09:40:34.640005Z","draft_created_at":null,"lead_time":4.322,"prediction":{},"result_count":1,"unique_id":"04d8a8be-7048-441b-9a98-2b0f453f46ab","import_id":null,"last_action":null,"bulk_created":false,"task":57,"project":3,"updated_by":1,"parent_prediction":null,"parent_annotation":null,"last_created_by":null}],"file_upload":"e56b1a61-sportkorhaz_aszf.txt","drafts":[],"predictions":[],"data":{"text":"A másolat megküldésének esetleges költségeit a Páciens viseli."},"meta":{},"created_at":"2025-10-03T19:23:28.687594Z","updated_at":"2025-10-04T09:40:35.550918Z","inner_id":57,"total_annotations":1,"cancelled_annotations":0,"total_predictions":0,"comment_count":0,"unresolved_comment_count":0,"last_comment_updated_at":null,"project":3,"updated_by":1,"comment_authors":[]},{"id":58,"annotations":[{"id":59,"completed_by":1,"result":[{"value":{"choices":["5-Könnyen érthető"]},"id":"wpndMw0Ajh","from_name":"sentiment","to_name":"text","type":"choices","origin":"manual"}],"was_cancelled":false,"ground_truth":false,"created_at":"2025-10-04T09:40:54.058641Z","updated_at":"2025-10-04T09:40:54.058727Z","draft_created_at":null,"lead_time":16.777,"prediction":{},"result_count":1,"unique_id":"0eb378c7-b911-4bc5-a75d-5e1991bc0e19","import_id":null,"last_action":null,"bulk_created":false,"task":58,"project":3,"updated_by":1,"parent_prediction":null,"parent_annotation":null,"last_created_by":null}],"file_upload":"e56b1a61-sportkorhaz_aszf.txt","drafts":[],"predictions":[],"data":{"text":"Amennyiben az orvos döntése alapján indokolt, a Szolgáltató meghatározott időtartamra (rendszerint 24 órára) Holter EKG, illetve ABPM mérésére szolgáló készüléket (továbbiakban: eszköz) ad kölcsönbe a Páciensnek, melyet a Páciens a Szolgáltatóval egyeztetett időtartamra kölcsönvesz. Az eszközt a Páciens kölcsönbe kapja, a meghatározott célból és időtartamra, melyet a határozott időtartam lejártával köteles a Szolgáltatónak visszaadni."},"meta":{},"created_at":"2025-10-03T19:23:28.687661Z","updated_at":"2025-10-04T09:40:54.918480Z","inner_id":58,"total_annotations":1,"cancelled_annotations":0,"total_predictions":0,"comment_count":0,"unresolved_comment_count":0,"last_comment_updated_at":null,"project":3,"updated_by":1,"comment_authors":[]},{"id":59,"annotations":[{"id":60,"completed_by":1,"result":[{"value":{"choices":["4-Érthető"]},"id":"r_33z_q9lP","from_name":"sentiment","to_name":"text","type":"choices","origin":"manual"}],"was_cancelled":false,"ground_truth":false,"created_at":"2025-10-04T09:41:23.169882Z","updated_at":"2025-10-04T09:41:23.169926Z","draft_created_at":null,"lead_time":26.539,"prediction":{},"result_count":1,"unique_id":"3cff27b4-b18a-41f4-80ab-cd10ecc270e7","import_id":null,"last_action":null,"bulk_created":false,"task":59,"project":3,"updated_by":1,"parent_prediction":null,"parent_annotation":null,"last_created_by":null}],"file_upload":"e56b1a61-sportkorhaz_aszf.txt","drafts":[],"predictions":[],"data":{"text":"Az átvett készülék a Szolgáltató tulajdonát képezi. A Páciens az eszközt átvételi elismervény aláírása után, a Szolgáltató által meghatározott összegű kaució ellenében veheti át, és viheti el magával a visszaadási kötelezettség terhe mellett. A kaució összege eszközönként változhat. Az eszközt a Páciens hibátlan és rendeltetésszerű használatra alkalmas állapotban köteles a Szolgáltatónak visszaadni, ebben az esetben a Szolgáltató a kaució összegét visszafizeti részére. Amennyiben a Páciens az eszközt hibásan, sérülten, működésképtelen állapotban, vagy késedelmesen szolgáltatja vissza, a Szolgáltató jogosult a kauciót az eszköz javítására, új eszköz vásárlására fordítani, valamint az ebből eredő további költségeit és teljes kárát a kaución felül a Pácienssel szemben érvényesíteni."},"meta":{},"created_at":"2025-10-03T19:23:28.759236Z","updated_at":"2025-10-04T09:41:23.806183Z","inner_id":59,"total_annotations":1,"cancelled_annotations":0,"total_predictions":0,"comment_count":0,"unresolved_comment_count":0,"last_comment_updated_at":null,"project":3,"updated_by":1,"comment_authors":[]},{"id":60,"annotations":[{"id":61,"completed_by":1,"result":[{"value":{"choices":["3-Többé\/kevésbé megértem"]},"id":"wOG_F4n-uV","from_name":"sentiment","to_name":"text","type":"choices","origin":"manual"}],"was_cancelled":false,"ground_truth":false,"created_at":"2025-10-04T09:41:46.733344Z","updated_at":"2025-10-04T09:41:46.733377Z","draft_created_at":null,"lead_time":21.234,"prediction":{},"result_count":1,"unique_id":"7cd64dda-ee8d-4510-a4e0-2a764fea1a1b","import_id":null,"last_action":null,"bulk_created":false,"task":60,"project":3,"updated_by":1,"parent_prediction":null,"parent_annotation":null,"last_created_by":null}],"file_upload":"e56b1a61-sportkorhaz_aszf.txt","drafts":[],"predictions":[],"data":{"text":"A Páciens az eszköz átvételével kötelezi magát arra, hogy amennyiben az eszközt hibásan, hiányosan vagy használatra alkalmatlan állapotban, sérülten és \/ vagy késedelmesen szolgáltatja vissza, illetőleg abban az esetben, ha egyáltalán nem szolgáltatja vissza, az eszköz átvételének időpontjától számított 8 napon belül a Szolgáltató által a javításhoz, vagy az eszköz pótlásához szükséges összeget és a Szolgáltató ebből eredő további költségeit kötbérként a Szolgáltató részére teljes egészében megfizeti."},"meta":{},"created_at":"2025-10-03T19:23:28.759373Z","updated_at":"2025-10-04T09:41:47.341954Z","inner_id":60,"total_annotations":1,"cancelled_annotations":0,"total_predictions":0,"comment_count":0,"unresolved_comment_count":0,"last_comment_updated_at":null,"project":3,"updated_by":1,"comment_authors":[]},{"id":61,"annotations":[{"id":62,"completed_by":1,"result":[{"value":{"choices":["5-Könnyen érthető"]},"id":"FQSnvX2xl0","from_name":"sentiment","to_name":"text","type":"choices","origin":"manual"}],"was_cancelled":false,"ground_truth":false,"created_at":"2025-10-04T09:42:05.870315Z","updated_at":"2025-10-04T09:42:05.870349Z","draft_created_at":null,"lead_time":16.726,"prediction":{},"result_count":1,"unique_id":"47f2de61-776b-4fe1-a8c6-32f8ebefa3cd","import_id":null,"last_action":null,"bulk_created":false,"task":61,"project":3,"updated_by":1,"parent_prediction":null,"parent_annotation":null,"last_created_by":null}],"file_upload":"e56b1a61-sportkorhaz_aszf.txt","drafts":[],"predictions":[],"data":{"text":"A Szolgáltató szolgáltatásait a Páciens egyéni elhatározása, saját döntése alapján veszi igénybe. Páciens a szolgáltatási szerződés aláírásával tudomásul veszi, hogy minden orvosi beavatkozásnak, kezelésnek van kockázata, és mindazt a kockázatot, amelyért az orvos nem tehető felelőssé, a betegnek kell viselnie. Az egyes Pácienseknél az gyógyulás menete és időtartama eltérő lehet, vagy az átlagostól eltérhet."},"meta":{},"created_at":"2025-10-03T19:23:28.759467Z","updated_at":"2025-10-04T09:42:06.558505Z","inner_id":61,"total_annotations":1,"cancelled_annotations":0,"total_predictions":0,"comment_count":0,"unresolved_comment_count":0,"last_comment_updated_at":null,"project":3,"updated_by":1,"comment_authors":[]},{"id":62,"annotations":[{"id":63,"completed_by":1,"result":[{"value":{"choices":["4-Érthető"]},"id":"xcBGD5vBcl","from_name":"sentiment","to_name":"text","type":"choices","origin":"manual"}],"was_cancelled":false,"ground_truth":false,"created_at":"2025-10-04T09:42:26.221060Z","updated_at":"2025-10-04T09:42:26.221093Z","draft_created_at":null,"lead_time":17.975,"prediction":{},"result_count":1,"unique_id":"bbddb81d-56a8-46ae-81e0-b4caf2875249","import_id":null,"last_action":null,"bulk_created":false,"task":62,"project":3,"updated_by":1,"parent_prediction":null,"parent_annotation":null,"last_created_by":null}],"file_upload":"e56b1a61-sportkorhaz_aszf.txt","drafts":[],"predictions":[],"data":{"text":"A Szolgáltató nem vállal felelősséget azokért a következményekért, amelyek a Páciens szolgáltatási szerződésből – így jelen ÁSZF-ből is- eredő kötelezettségei megszegéséből adódik, vagy abból, hogy az orvosok és az ellátásban közreműködők egyéb, gyógyulással illetőleg a gyógykezeléssel kapcsolatos utasításait nem tartja be, az előírt gyógyszert nem szedi be vagy, nem az orvosi rendelvénynek megfelelően szedi, illetőleg az előírt terápiát nem az orvosi rendelvénynek megfelelően alkalmazza."},"meta":{},"created_at":"2025-10-03T19:23:28.759543Z","updated_at":"2025-10-04T09:42:26.920563Z","inner_id":62,"total_annotations":1,"cancelled_annotations":0,"total_predictions":0,"comment_count":0,"unresolved_comment_count":0,"last_comment_updated_at":null,"project":3,"updated_by":1,"comment_authors":[]},{"id":63,"annotations":[{"id":64,"completed_by":1,"result":[{"value":{"choices":["2-Nehezen érthető"]},"id":"HRag24haxR","from_name":"sentiment","to_name":"text","type":"choices","origin":"manual"}],"was_cancelled":false,"ground_truth":false,"created_at":"2025-10-04T09:42:45.250475Z","updated_at":"2025-10-04T09:42:45.250559Z","draft_created_at":null,"lead_time":16.223,"prediction":{},"result_count":1,"unique_id":"208ac654-6ae1-4361-ad0b-f509197a9ed1","import_id":null,"last_action":null,"bulk_created":false,"task":63,"project":3,"updated_by":1,"parent_prediction":null,"parent_annotation":null,"last_created_by":null}],"file_upload":"e56b1a61-sportkorhaz_aszf.txt","drafts":[],"predictions":[],"data":{"text":"A Páciens tudomásul veszi és írásban nyilatkozik arról, hogy amennyiben vizsgálat(ok) céljából mintavételre került sor, azonban az eredményekért nem jelentkezik a mintavételt követő időszakban az eredmények várható elkészültének (melyről szóbeli tájékoztatást kaptam) idejéig, a Szolgáltató nem vállal felelősséget az elmaradt terápia miatti esetleges egészségkárosodásért."},"meta":{},"created_at":"2025-10-03T19:23:28.759613Z","updated_at":"2025-10-04T09:42:46.164675Z","inner_id":63,"total_annotations":1,"cancelled_annotations":0,"total_predictions":0,"comment_count":0,"unresolved_comment_count":0,"last_comment_updated_at":null,"project":3,"updated_by":1,"comment_authors":[]},{"id":64,"annotations":[{"id":65,"completed_by":1,"result":[{"value":{"choices":["1-Nagyon nehezen érthető"]},"id":"weRza3U5Cm","from_name":"sentiment","to_name":"text","type":"choices","origin":"manual"}],"was_cancelled":false,"ground_truth":false,"created_at":"2025-10-04T09:43:06.741215Z","updated_at":"2025-10-04T09:43:06.741246Z","draft_created_at":null,"lead_time":18.894,"prediction":{},"result_count":1,"unique_id":"67d69096-cf12-4e7d-99cc-61bda9660513","import_id":null,"last_action":null,"bulk_created":false,"task":64,"project":3,"updated_by":1,"parent_prediction":null,"parent_annotation":null,"last_created_by":null}],"file_upload":"e56b1a61-sportkorhaz_aszf.txt","drafts":[],"predictions":[],"data":{"text":"A Szolgáltató mindent tőle elvárható lépést megtesz azért, hogy az ellátás során érvényesüljenek a jogszabályban foglalt, vagy egyéb szakmai szabályok, így különösen a tudomány mindenkori állását tükröző és bizonyítékokon alapuló szakmai irányelvek, ezek hiányában a megalapozott, széles körben elfogadott szakirodalmi közlésekre, vagy szakmai konszenzusra támaszkodó szakmai ajánlások, valamint azért, hogy a szolgáltatása a rendelkezésre álló erőforrások optimális felhasználásával szakmailag hatásosan nyújtható legyen."},"meta":{},"created_at":"2025-10-03T19:23:28.759681Z","updated_at":"2025-10-04T09:43:07.499856Z","inner_id":64,"total_annotations":1,"cancelled_annotations":0,"total_predictions":0,"comment_count":0,"unresolved_comment_count":0,"last_comment_updated_at":null,"project":3,"updated_by":1,"comment_authors":[]},{"id":65,"annotations":[{"id":66,"completed_by":1,"result":[{"value":{"choices":["4-Érthető"]},"id":"JZEDGBhX-g","from_name":"sentiment","to_name":"text","type":"choices","origin":"manual"}],"was_cancelled":false,"ground_truth":false,"created_at":"2025-10-04T09:43:25.344895Z","updated_at":"2025-10-04T09:43:25.344930Z","draft_created_at":null,"lead_time":16.283,"prediction":{},"result_count":1,"unique_id":"478c3d9c-ac1d-4be5-961f-a0d4a100b1b0","import_id":null,"last_action":null,"bulk_created":false,"task":65,"project":3,"updated_by":1,"parent_prediction":null,"parent_annotation":null,"last_created_by":null}],"file_upload":"e56b1a61-sportkorhaz_aszf.txt","drafts":[],"predictions":[],"data":{"text":"A Páciens a szolgáltatás igénybevételéhez köteles a Szolgáltató rendelkezésére bocsátania, az egyedi szolgáltatási szerződésben feltüntetni legalább az alábbi adatokat: családi és utónév, születési név, születési hely és idő, anyja neve, TAJ száma, lakcím, telefonszám, e-mail cím. A szolgáltatási szerződés megkötéséhez, valamint a Páciens személyazonosságának megállapítása céljából a Páciens hozzájárulását adja ahhoz, hogy azonosítása érdekében Szolgáltató személyazonosító igazolványát (személyi igazolvány, útlevél vagy jogosítvány) és lakcímkártyáját elkérje, szükség esetén azokról másolatot készítsen."},"meta":{},"created_at":"2025-10-03T19:23:28.759752Z","updated_at":"2025-10-04T09:43:26.102364Z","inner_id":65,"total_annotations":1,"cancelled_annotations":0,"total_predictions":0,"comment_count":0,"unresolved_comment_count":0,"last_comment_updated_at":null,"project":3,"updated_by":1,"comment_authors":[]},{"id":66,"annotations":[{"id":67,"completed_by":1,"result":[{"value":{"choices":["4-Érthető"]},"id":"5teBA7aenQ","from_name":"sentiment","to_name":"text","type":"choices","origin":"manual"}],"was_cancelled":false,"ground_truth":false,"created_at":"2025-10-04T09:43:45.262306Z","updated_at":"2025-10-04T09:43:45.262336Z","draft_created_at":null,"lead_time":17.311,"prediction":{},"result_count":1,"unique_id":"8076e8b4-6046-43e3-aee5-bd4e923ef7ea","import_id":null,"last_action":null,"bulk_created":false,"task":66,"project":3,"updated_by":1,"parent_prediction":null,"parent_annotation":null,"last_created_by":null}],"file_upload":"e56b1a61-sportkorhaz_aszf.txt","drafts":[],"predictions":[],"data":{"text":"A Szolgáltató elkötelezett a Páciensek adatainak legmagasabb szintű, jogszabályban rögzített védelme iránt. A Szolgáltató a honlapján közzéteszi Adatkezelési Táįékoztatóįát (Adatvédelmi Szabályzatot), valamint az egészségügyi adatok kezelésére vonatkozó tájékoztatót, amely egyértelműen és részletesen tájékoztatja az érintetteket valamennyi, a személyes adatok kezelésével és nyilvántartásával kapcsolatos, jogszabályban meghatározott személyes adatok és más, egyé a szolgáltatás igénybevételéhez szükséges adatok kezelése szempontjából lényeges azon információkról, melyet az érintettnek ismernie kell."},"meta":{},"created_at":"2025-10-03T19:23:28.759821Z","updated_at":"2025-10-04T09:43:45.988057Z","inner_id":66,"total_annotations":1,"cancelled_annotations":0,"total_predictions":0,"comment_count":0,"unresolved_comment_count":0,"last_comment_updated_at":null,"project":3,"updated_by":1,"comment_authors":[]},{"id":67,"annotations":[{"id":68,"completed_by":1,"result":[{"value":{"choices":["4-Érthető"]},"id":"L-0ZIXUR3M","from_name":"sentiment","to_name":"text","type":"choices","origin":"manual"}],"was_cancelled":false,"ground_truth":false,"created_at":"2025-10-04T09:43:58.338914Z","updated_at":"2025-10-04T09:43:58.338944Z","draft_created_at":null,"lead_time":10.407,"prediction":{},"result_count":1,"unique_id":"ab10a479-803e-468b-b317-19bab2a44a1e","import_id":null,"last_action":null,"bulk_created":false,"task":67,"project":3,"updated_by":1,"parent_prediction":null,"parent_annotation":null,"last_created_by":null}],"file_upload":"e56b1a61-sportkorhaz_aszf.txt","drafts":[],"predictions":[],"data":{"text":"Az egyedi szolgáltatási szerződés külön is tartalmazza a kezelendő adatok meghatározását, az adatkezelés időtartamát, a felhasználás célját, az adatok továbbításának tényét, címzettjeit, adatfeldolgozó igénybevételének tényét."},"meta":{},"created_at":"2025-10-03T19:23:28.759885Z","updated_at":"2025-10-04T09:43:59.121440Z","inner_id":67,"total_annotations":1,"cancelled_annotations":0,"total_predictions":0,"comment_count":0,"unresolved_comment_count":0,"last_comment_updated_at":null,"project":3,"updated_by":1,"comment_authors":[]},{"id":68,"annotations":[{"id":69,"completed_by":1,"result":[{"value":{"choices":["1-Nagyon nehezen érthető"]},"id":"x5gbrKhok3","from_name":"sentiment","to_name":"text","type":"choices","origin":"manual"}],"was_cancelled":false,"ground_truth":false,"created_at":"2025-10-04T09:44:18.891686Z","updated_at":"2025-10-04T09:44:18.891749Z","draft_created_at":null,"lead_time":18.075,"prediction":{},"result_count":1,"unique_id":"4ed09310-eb16-4b68-80bc-3a92a7fdf2fa","import_id":null,"last_action":null,"bulk_created":false,"task":68,"project":3,"updated_by":1,"parent_prediction":null,"parent_annotation":null,"last_created_by":null}],"file_upload":"e56b1a61-sportkorhaz_aszf.txt","drafts":[],"predictions":[],"data":{"text":"A Szolgáltató az Adatkezelési Tájékoztatóját (Adatvédelmi Szabályzatot) valamint az egészségügyi adatok kezelésére vonatkozó tájékoztatót a www.sportorvosikozpont.hu weboldalon közzéteszi. A Szolgáltató a Páciens előzetes hozzájárulásán alapuló adatkezelést minden esetben a hatályos jogszabályokban foglaltak maradéktalan betartásával, így különösen az információs önrendelkezési jogról és az információszabadságról szóló 2011. évi CXII. törvényben (Info. tv.) valamint a 1997. évi XLVII. törvény az egészségügyi és a hozzájuk kapcsolódó személyes adatok kezeléséről és védelméről szóló törvényben foglaltaknak megfelelően végzi."},"meta":{},"created_at":"2025-10-03T19:23:28.759950Z","updated_at":"2025-10-04T09:44:19.719019Z","inner_id":68,"total_annotations":1,"cancelled_annotations":0,"total_predictions":0,"comment_count":0,"unresolved_comment_count":0,"last_comment_updated_at":null,"project":3,"updated_by":1,"comment_authors":[]},{"id":69,"annotations":[{"id":70,"completed_by":1,"result":[{"value":{"choices":["3-Többé\/kevésbé megértem"]},"id":"xkk-3FQiKQ","from_name":"sentiment","to_name":"text","type":"choices","origin":"manual"}],"was_cancelled":false,"ground_truth":false,"created_at":"2025-10-04T09:44:29.506725Z","updated_at":"2025-10-04T09:44:29.506787Z","draft_created_at":null,"lead_time":8.203,"prediction":{},"result_count":1,"unique_id":"f270ae9e-0dff-4f89-a301-8c4c248d3bfb","import_id":null,"last_action":null,"bulk_created":false,"task":69,"project":3,"updated_by":1,"parent_prediction":null,"parent_annotation":null,"last_created_by":null}],"file_upload":"e56b1a61-sportkorhaz_aszf.txt","drafts":[],"predictions":[],"data":{"text":"Jelen ÁSZF-ben nem szabályozott kérdésekben a Polgári Törvénykönyvről szóló 2013. évi V. törvény és az egészségügyről szóló 1997. évi CLIV. számú törvény rendelkezései, illetve a mindenkor hatályos magyar jogszabályok az irányadóak."},"meta":{},"created_at":"2025-10-03T19:23:28.760013Z","updated_at":"2025-10-04T09:44:30.441984Z","inner_id":69,"total_annotations":1,"cancelled_annotations":0,"total_predictions":0,"comment_count":0,"unresolved_comment_count":0,"last_comment_updated_at":null,"project":3,"updated_by":1,"comment_authors":[]}]