[{"id":108,"annotations":[{"id":108,"completed_by":1,"result":[{"value":{"choices":["5-Könnyen érthető"]},"id":"Ws2iF8GyO7","from_name":"sentiment","to_name":"text","type":"choices","origin":"manual"}],"was_cancelled":false,"ground_truth":false,"created_at":"2025-10-16T13:00:00.835517Z","updated_at":"2025-10-16T13:00:00.835544Z","draft_created_at":"2025-10-16T12:59:58.482500Z","lead_time":12.519,"prediction":{},"result_count":1,"unique_id":"6276462d-9123-47ea-966c-a62298306037","import_id":null,"last_action":null,"bulk_created":false,"task":108,"project":2,"updated_by":1,"parent_prediction":null,"parent_annotation":null,"last_created_by":null}],"file_upload":"c40c97ca-KH_aszf.txt","drafts":[],"predictions":[],"data":{"text":"I. Fogalom meghatározások"},"meta":{},"created_at":"2025-10-16T12:54:47.868635Z","updated_at":"2025-10-16T13:00:01.030782Z","inner_id":1,"total_annotations":1,"cancelled_annotations":0,"total_predictions":0,"comment_count":0,"unresolved_comment_count":0,"last_comment_updated_at":null,"project":2,"updated_by":1,"comment_authors":[]},{"id":109,"annotations":[{"id":109,"completed_by":1,"result":[{"value":{"choices":["4-Érthető"]},"id":"pbYaP-AOq3","from_name":"sentiment","to_name":"text","type":"choices","origin":"manual"}],"was_cancelled":false,"ground_truth":false,"created_at":"2025-10-16T13:00:22.217775Z","updated_at":"2025-10-16T13:00:22.217801Z","draft_created_at":null,"lead_time":18.653,"prediction":{},"result_count":1,"unique_id":"6e755ba0-eec0-4813-bac7-f551e3021b7b","import_id":null,"last_action":null,"bulk_created":false,"task":109,"project":2,"updated_by":1,"parent_prediction":null,"parent_annotation":null,"last_created_by":null}],"file_upload":"c40c97ca-KH_aszf.txt","drafts":[],"predictions":[],"data":{"text":"e-azonosító szám: A Bank által kibocsátott virtuális kártyaszám, amely e-bank azonosító kártya kibocsátása esetén megegyezik az e-bank azonosító kártya számával. Az e-azonosító szám névre szóló, annak birtokosa csak természetes személy lehet."},"meta":{},"created_at":"2025-10-16T12:54:47.868849Z","updated_at":"2025-10-16T13:00:22.441773Z","inner_id":2,"total_annotations":1,"cancelled_annotations":0,"total_predictions":0,"comment_count":0,"unresolved_comment_count":0,"last_comment_updated_at":null,"project":2,"updated_by":1,"comment_authors":[]},{"id":110,"annotations":[{"id":110,"completed_by":1,"result":[{"value":{"choices":["4-Érthető"]},"id":"ow_LHs5OVV","from_name":"sentiment","to_name":"text","type":"choices","origin":"manual"}],"was_cancelled":false,"ground_truth":false,"created_at":"2025-10-16T13:00:44.328456Z","updated_at":"2025-10-16T13:00:44.328513Z","draft_created_at":null,"lead_time":19.623,"prediction":{},"result_count":1,"unique_id":"f90f7403-a5c2-48b8-8224-740e32e03256","import_id":null,"last_action":null,"bulk_created":false,"task":110,"project":2,"updated_by":1,"parent_prediction":null,"parent_annotation":null,"last_created_by":null}],"file_upload":"c40c97ca-KH_aszf.txt","drafts":[],"predictions":[],"data":{"text":"e-bank azonosító kártya: A Bank által kibocsátott, bankkártyának nem minősülő műanyag lap, amely - mint távolról hozzáférést biztosító elektronikus fizetési eszköz - biztosítja, a PIN kód révén, kizárólag az Ügyfél\/Felhasználó részére a K&H e-bank interneten keresztül történő igénybevételét. A Bank által kibocsátott azonosító kártya a Bank tulajdonát képezi. Az e-bank azonosító kártya névre szóló, annak birtokosa csak természetes személy lehet."},"meta":{},"created_at":"2025-10-16T12:54:47.868913Z","updated_at":"2025-10-16T13:00:44.527666Z","inner_id":3,"total_annotations":1,"cancelled_annotations":0,"total_predictions":0,"comment_count":0,"unresolved_comment_count":0,"last_comment_updated_at":null,"project":2,"updated_by":1,"comment_authors":[]},{"id":111,"annotations":[{"id":111,"completed_by":1,"result":[{"value":{"choices":["5-Könnyen érthető"]},"id":"sCPFw0eFEh","from_name":"sentiment","to_name":"text","type":"choices","origin":"manual"}],"was_cancelled":false,"ground_truth":false,"created_at":"2025-10-16T13:00:52.575240Z","updated_at":"2025-10-16T13:00:52.575264Z","draft_created_at":null,"lead_time":6.31,"prediction":{},"result_count":1,"unique_id":"47893c76-3174-4cdc-86f8-7b0f530a1319","import_id":null,"last_action":null,"bulk_created":false,"task":111,"project":2,"updated_by":1,"parent_prediction":null,"parent_annotation":null,"last_created_by":null}],"file_upload":"c40c97ca-KH_aszf.txt","drafts":[],"predictions":[],"data":{"text":"Egyszer használatos jelszó: A Bank által az Ügyfél részére SMS üzenetben megküldött, egyszeri belépésre felhasználható jelszó."},"meta":{},"created_at":"2025-10-16T12:54:47.868972Z","updated_at":"2025-10-16T13:00:52.758447Z","inner_id":4,"total_annotations":1,"cancelled_annotations":0,"total_predictions":0,"comment_count":0,"unresolved_comment_count":0,"last_comment_updated_at":null,"project":2,"updated_by":1,"comment_authors":[]},{"id":112,"annotations":[{"id":112,"completed_by":1,"result":[{"value":{"choices":["3-Többé\/kevésbé megértem"]},"id":"HW_6M2KxF8","from_name":"sentiment","to_name":"text","type":"choices","origin":"manual"}],"was_cancelled":false,"ground_truth":false,"created_at":"2025-10-16T13:04:08.753702Z","updated_at":"2025-10-16T13:04:08.753794Z","draft_created_at":null,"lead_time":193.52,"prediction":{},"result_count":1,"unique_id":"c8c308cd-b70c-484f-afe2-762d2d1bf904","import_id":null,"last_action":null,"bulk_created":false,"task":112,"project":2,"updated_by":1,"parent_prediction":null,"parent_annotation":null,"last_created_by":null}],"file_upload":"c40c97ca-KH_aszf.txt","drafts":[],"predictions":[],"data":{"text":"Elektronikus banki művelet: Minden olyan megbízás és értesítés, amelyet az Ügyfél\/Felhasználó közvetlenül számítógépes kommunikáció alkalmazásával, legalább részben elektronikus jelek formájában ad meg a Bank számára. Az elektronikus banki műveletek során az Ügyfél az aláírását a Bank által jóváhagyott formátumú személyazonosító kódolással helyettesíti."},"meta":{},"created_at":"2025-10-16T12:54:47.869028Z","updated_at":"2025-10-16T13:04:08.974473Z","inner_id":5,"total_annotations":1,"cancelled_annotations":0,"total_predictions":0,"comment_count":0,"unresolved_comment_count":0,"last_comment_updated_at":null,"project":2,"updated_by":1,"comment_authors":[]},{"id":113,"annotations":[{"id":113,"completed_by":1,"result":[{"value":{"choices":["4-Érthető"]},"id":"E1Iw0vd5a3","from_name":"sentiment","to_name":"text","type":"choices","origin":"manual"}],"was_cancelled":false,"ground_truth":false,"created_at":"2025-10-16T13:05:15.354458Z","updated_at":"2025-10-16T13:05:15.354484Z","draft_created_at":"2025-10-16T13:05:11.043662Z","lead_time":63.361,"prediction":{},"result_count":1,"unique_id":"0654df2c-ac2f-4851-8a18-0b897496d7a0","import_id":null,"last_action":null,"bulk_created":false,"task":113,"project":2,"updated_by":1,"parent_prediction":null,"parent_annotation":null,"last_created_by":null}],"file_upload":"c40c97ca-KH_aszf.txt","drafts":[],"predictions":[],"data":{"text":"Felhasználó: K&H vállalkozói e-bank szolgáltatás esetében az Ügyfél által, a szolgáltatásra irányadó feltételek szerint elektronikus banki műveletek végzésére felhatalmazott bármely személy."},"meta":{},"created_at":"2025-10-16T12:54:47.869101Z","updated_at":"2025-10-16T13:05:15.578485Z","inner_id":6,"total_annotations":1,"cancelled_annotations":0,"total_predictions":0,"comment_count":0,"unresolved_comment_count":0,"last_comment_updated_at":null,"project":2,"updated_by":1,"comment_authors":[]},{"id":114,"annotations":[{"id":114,"completed_by":1,"result":[{"value":{"choices":["4-Érthető"]},"id":"McGnqJvK6x","from_name":"sentiment","to_name":"text","type":"choices","origin":"manual"}],"was_cancelled":false,"ground_truth":false,"created_at":"2025-10-16T13:16:30.632422Z","updated_at":"2025-10-16T13:16:30.632494Z","draft_created_at":null,"lead_time":672.39,"prediction":{},"result_count":1,"unique_id":"033c92fc-5519-4c37-8aed-cf20f66b1ca1","import_id":null,"last_action":null,"bulk_created":false,"task":114,"project":2,"updated_by":1,"parent_prediction":null,"parent_annotation":null,"last_created_by":null}],"file_upload":"c40c97ca-KH_aszf.txt","drafts":[],"predictions":[],"data":{"text":"Hirdetmény: A Bank által az ügyfélforgalom számára nyitva álló helyiségében, a szolgáltatások igénybevételeinek feltételeit tartalmazó közlemény. A Hirdetmény tartalmazza többek között a szolgáltatások tartalmát, az igénybevételéhez szükséges eszközök paramétereit, illetve a díjakat, jutalékokat."},"meta":{},"created_at":"2025-10-16T12:54:47.869168Z","updated_at":"2025-10-16T13:16:30.818101Z","inner_id":7,"total_annotations":1,"cancelled_annotations":0,"total_predictions":0,"comment_count":0,"unresolved_comment_count":0,"last_comment_updated_at":null,"project":2,"updated_by":1,"comment_authors":[]},{"id":115,"annotations":[{"id":115,"completed_by":1,"result":[{"value":{"choices":["5-Könnyen érthető"]},"id":"hvWhEitAVV","from_name":"sentiment","to_name":"text","type":"choices","origin":"manual"}],"was_cancelled":false,"ground_truth":false,"created_at":"2025-10-16T13:17:50.216741Z","updated_at":"2025-10-16T13:17:50.216781Z","draft_created_at":null,"lead_time":77.155,"prediction":{},"result_count":1,"unique_id":"9708e8a0-3bba-4e7a-8895-458131641ed7","import_id":null,"last_action":null,"bulk_created":false,"task":115,"project":2,"updated_by":1,"parent_prediction":null,"parent_annotation":null,"last_created_by":null}],"file_upload":"c40c97ca-KH_aszf.txt","drafts":[],"predictions":[],"data":{"text":"Hozzáférési jog: A Felhasználó azon joga, mely egyértelműen meghatározza, hogy a Felhasználó a K&H e-bank szolgáltatás keretében milyen típusú elektronikus banki műveleteket végezhet."},"meta":{},"created_at":"2025-10-16T12:54:47.869248Z","updated_at":"2025-10-16T13:17:50.423208Z","inner_id":8,"total_annotations":1,"cancelled_annotations":0,"total_predictions":0,"comment_count":0,"unresolved_comment_count":0,"last_comment_updated_at":null,"project":2,"updated_by":1,"comment_authors":[]},{"id":116,"annotations":[{"id":116,"completed_by":1,"result":[{"value":{"choices":["5-Könnyen érthető"]},"id":"0w8xTcbSYR","from_name":"sentiment","to_name":"text","type":"choices","origin":"manual"}],"was_cancelled":false,"ground_truth":false,"created_at":"2025-10-16T13:18:01.812864Z","updated_at":"2025-10-16T13:18:01.812911Z","draft_created_at":null,"lead_time":9.359,"prediction":{},"result_count":1,"unique_id":"a199c2ff-7454-454a-8dde-8ddf11c89e91","import_id":null,"last_action":null,"bulk_created":false,"task":116,"project":2,"updated_by":1,"parent_prediction":null,"parent_annotation":null,"last_created_by":null}],"file_upload":"c40c97ca-KH_aszf.txt","drafts":[],"predictions":[],"data":{"text":"Induló sms aktivizáló kód: A Bank az Ügyfél részére az e-azonosító számmal együtt átadott egyszer használatos jelszó, amelynek megküldésével az Ügyfél aktiválja az e-azonosító számát és megkapja az e- bank felületre történő első belépéshez szükséges egyszer használatos jelszót a banktól sms-ben."},"meta":{},"created_at":"2025-10-16T12:54:47.869301Z","updated_at":"2025-10-16T13:18:02.005035Z","inner_id":9,"total_annotations":1,"cancelled_annotations":0,"total_predictions":0,"comment_count":0,"unresolved_comment_count":0,"last_comment_updated_at":null,"project":2,"updated_by":1,"comment_authors":[]},{"id":117,"annotations":[{"id":117,"completed_by":1,"result":[{"value":{"choices":["2-Nehezen érthető"]},"id":"lBe5tlcP5S","from_name":"sentiment","to_name":"text","type":"choices","origin":"manual"}],"was_cancelled":false,"ground_truth":false,"created_at":"2025-10-16T13:31:06.568333Z","updated_at":"2025-10-16T13:31:06.568410Z","draft_created_at":null,"lead_time":780.67,"prediction":{},"result_count":1,"unique_id":"75be10ed-f730-44af-8a0b-b6d555d5eee7","import_id":null,"last_action":null,"bulk_created":false,"task":117,"project":2,"updated_by":1,"parent_prediction":null,"parent_annotation":null,"last_created_by":null}],"file_upload":"c40c97ca-KH_aszf.txt","drafts":[],"predictions":[],"data":{"text":"K&H e-bank szolgáltatás: A Bank által az Ügyfelek részére nyújtott szolgáltatás, amely során az Ügyfelek a kapcsolódó kondíciókról az ide vonatkozó Hirdetményekben meghatározott, és K&H lakossági e-bank szolgáltatás esetén az https:\/\/ebank.khb.hu\/lakossag, K&H trambulin e-bank szolgáltatás esetén az https:\/\/ebank.khb.hu\/trambulin, K&H vállalkozói e-bank szolgáltatás esetén a https:\/\/ebank.khb.hu\/vallalat internetes címen elérhető szolgáltatásokat vehetik igénybe."},"meta":{},"created_at":"2025-10-16T12:54:47.869397Z","updated_at":"2025-10-16T13:31:06.769068Z","inner_id":10,"total_annotations":1,"cancelled_annotations":0,"total_predictions":0,"comment_count":0,"unresolved_comment_count":0,"last_comment_updated_at":null,"project":2,"updated_by":1,"comment_authors":[]},{"id":118,"annotations":[{"id":118,"completed_by":1,"result":[{"value":{"choices":["5-Könnyen érthető"]},"id":"ZSTh3xhukP","from_name":"sentiment","to_name":"text","type":"choices","origin":"manual"}],"was_cancelled":false,"ground_truth":false,"created_at":"2025-10-16T13:31:18.362185Z","updated_at":"2025-10-16T13:31:18.362208Z","draft_created_at":null,"lead_time":8.634,"prediction":{},"result_count":1,"unique_id":"3a6b8892-0b43-4074-87b8-43db7f102bd3","import_id":null,"last_action":null,"bulk_created":false,"task":118,"project":2,"updated_by":1,"parent_prediction":null,"parent_annotation":null,"last_created_by":null}],"file_upload":"c40c97ca-KH_aszf.txt","drafts":[],"predictions":[],"data":{"text":"Meghajtó program: A chipkártya-olvasó üzemeltetéséhez szükséges program."},"meta":{},"created_at":"2025-10-16T12:54:47.869458Z","updated_at":"2025-10-16T13:31:18.555621Z","inner_id":11,"total_annotations":1,"cancelled_annotations":0,"total_predictions":0,"comment_count":0,"unresolved_comment_count":0,"last_comment_updated_at":null,"project":2,"updated_by":1,"comment_authors":[]},{"id":119,"annotations":[{"id":119,"completed_by":1,"result":[{"value":{"choices":["5-Könnyen érthető"]},"id":"e96I0RMqlD","from_name":"sentiment","to_name":"text","type":"choices","origin":"manual"}],"was_cancelled":false,"ground_truth":false,"created_at":"2025-10-16T13:31:25.111056Z","updated_at":"2025-10-16T13:31:25.111090Z","draft_created_at":null,"lead_time":4.765,"prediction":{},"result_count":1,"unique_id":"4aaaed5d-0782-4a90-bd5b-6da8bf617517","import_id":null,"last_action":null,"bulk_created":false,"task":119,"project":2,"updated_by":1,"parent_prediction":null,"parent_annotation":null,"last_created_by":null}],"file_upload":"c40c97ca-KH_aszf.txt","drafts":[],"predictions":[],"data":{"text":"Minimális konfiguráció: A szolgáltatás igénybevételéhez szükséges minimális technikai feltételek."},"meta":{},"created_at":"2025-10-16T12:54:47.869510Z","updated_at":"2025-10-16T13:31:25.305893Z","inner_id":12,"total_annotations":1,"cancelled_annotations":0,"total_predictions":0,"comment_count":0,"unresolved_comment_count":0,"last_comment_updated_at":null,"project":2,"updated_by":1,"comment_authors":[]},{"id":120,"annotations":[{"id":120,"completed_by":1,"result":[{"value":{"choices":["5-Könnyen érthető"]},"id":"r56l5jHoqB","from_name":"sentiment","to_name":"text","type":"choices","origin":"manual"}],"was_cancelled":false,"ground_truth":false,"created_at":"2025-10-16T13:31:34.361246Z","updated_at":"2025-10-16T13:31:34.361267Z","draft_created_at":null,"lead_time":7.26,"prediction":{},"result_count":1,"unique_id":"043298ca-d64a-45f9-8c45-4ace68d4c1c9","import_id":null,"last_action":null,"bulk_created":false,"task":120,"project":2,"updated_by":1,"parent_prediction":null,"parent_annotation":null,"last_created_by":null}],"file_upload":"c40c97ca-KH_aszf.txt","drafts":[],"predictions":[],"data":{"text":"Nyilvános helyen történő üzemeltetés: Bármely a banki, illetőleg az otthoni számítógép-használat körén kívül eső hely."},"meta":{},"created_at":"2025-10-16T12:54:47.869561Z","updated_at":"2025-10-16T13:31:34.563650Z","inner_id":13,"total_annotations":1,"cancelled_annotations":0,"total_predictions":0,"comment_count":0,"unresolved_comment_count":0,"last_comment_updated_at":null,"project":2,"updated_by":1,"comment_authors":[]},{"id":121,"annotations":[{"id":121,"completed_by":1,"result":[{"value":{"choices":["5-Könnyen érthető"]},"id":"xIJpWyxJmi","from_name":"sentiment","to_name":"text","type":"choices","origin":"manual"}],"was_cancelled":false,"ground_truth":false,"created_at":"2025-10-16T13:31:50.335517Z","updated_at":"2025-10-16T13:31:50.335544Z","draft_created_at":null,"lead_time":4.307,"prediction":{},"result_count":1,"unique_id":"9d4434ed-fea2-450a-8d92-0147fe09b7aa","import_id":null,"last_action":null,"bulk_created":false,"task":121,"project":2,"updated_by":1,"parent_prediction":null,"parent_annotation":null,"last_created_by":null}],"file_upload":"c40c97ca-KH_aszf.txt","drafts":[],"predictions":[],"data":{"text":"Olvasó: A szolgáltatás igénybevételéhez szükséges chipkártya-olvasó."},"meta":{},"created_at":"2025-10-16T12:54:47.869611Z","updated_at":"2025-10-16T13:31:50.532843Z","inner_id":14,"total_annotations":1,"cancelled_annotations":0,"total_predictions":0,"comment_count":0,"unresolved_comment_count":0,"last_comment_updated_at":null,"project":2,"updated_by":1,"comment_authors":[]},{"id":122,"annotations":[{"id":122,"completed_by":1,"result":[{"value":{"choices":["5-Könnyen érthető"]},"id":"vJOroRmiRJ","from_name":"sentiment","to_name":"text","type":"choices","origin":"manual"}],"was_cancelled":false,"ground_truth":false,"created_at":"2025-10-16T13:32:07.734182Z","updated_at":"2025-10-16T13:32:07.734218Z","draft_created_at":null,"lead_time":15.02,"prediction":{},"result_count":1,"unique_id":"4d54eba3-4128-4af3-ad94-d1a4b6709333","import_id":null,"last_action":null,"bulk_created":false,"task":122,"project":2,"updated_by":1,"parent_prediction":null,"parent_annotation":null,"last_created_by":null}],"file_upload":"c40c97ca-KH_aszf.txt","drafts":[],"predictions":[],"data":{"text":"PIN kód (Personal Identification Number): Az a szigorú biztonsági előírások mellett készített, újra elő nem állítható, adott személyre vonatkozó titkos személyi azonosító kód, amelyet a Bank az Ügyfél\/Felhasználó részére eljuttat, és amely lehetővé teszi az azonosító kártya használatával a szolgáltatás igénybevételét."},"meta":{},"created_at":"2025-10-16T12:54:47.869710Z","updated_at":"2025-10-16T13:32:07.921852Z","inner_id":15,"total_annotations":1,"cancelled_annotations":0,"total_predictions":0,"comment_count":0,"unresolved_comment_count":0,"last_comment_updated_at":null,"project":2,"updated_by":1,"comment_authors":[]},{"id":123,"annotations":[{"id":123,"completed_by":1,"result":[{"value":{"choices":["5-Könnyen érthető"]},"id":"XvUi3JqFTu","from_name":"sentiment","to_name":"text","type":"choices","origin":"manual"}],"was_cancelled":false,"ground_truth":false,"created_at":"2025-10-16T13:32:17.361747Z","updated_at":"2025-10-16T13:32:17.361768Z","draft_created_at":null,"lead_time":6.769,"prediction":{},"result_count":1,"unique_id":"dec6c44f-8c37-447d-a0e2-c37b737fb3a8","import_id":null,"last_action":null,"bulk_created":false,"task":123,"project":2,"updated_by":1,"parent_prediction":null,"parent_annotation":null,"last_created_by":null}],"file_upload":"c40c97ca-KH_aszf.txt","drafts":[],"predictions":[],"data":{"text":"Ügyfél: A szolgáltatás alapjául szolgáló bankszámlaszerződéssel rendelkező természetes személy, illetve gazdálkodó és egyéb szervezetek."},"meta":{},"created_at":"2025-10-16T12:54:47.869768Z","updated_at":"2025-10-16T13:32:17.556556Z","inner_id":16,"total_annotations":1,"cancelled_annotations":0,"total_predictions":0,"comment_count":0,"unresolved_comment_count":0,"last_comment_updated_at":null,"project":2,"updated_by":1,"comment_authors":[]},{"id":124,"annotations":[{"id":124,"completed_by":1,"result":[{"value":{"choices":["5-Könnyen érthető"]},"id":"trR2m1m4A0","from_name":"sentiment","to_name":"text","type":"choices","origin":"manual"}],"was_cancelled":false,"ground_truth":false,"created_at":"2025-10-16T13:32:29.375812Z","updated_at":"2025-10-16T13:32:29.375846Z","draft_created_at":null,"lead_time":9.555,"prediction":{},"result_count":1,"unique_id":"ced9055e-e405-4939-9cda-f9e50902a45f","import_id":null,"last_action":null,"bulk_created":false,"task":124,"project":2,"updated_by":1,"parent_prediction":null,"parent_annotation":null,"last_created_by":null}],"file_upload":"c40c97ca-KH_aszf.txt","drafts":[],"predictions":[],"data":{"text":"Üzemeltető: Az, aki a Banktól függetlenül biztosítja a szolgáltatás eléréséhez szükséges, Hirdetményben meghatározott eszközöket."},"meta":{},"created_at":"2025-10-16T12:54:47.869818Z","updated_at":"2025-10-16T13:32:29.573936Z","inner_id":17,"total_annotations":1,"cancelled_annotations":0,"total_predictions":0,"comment_count":0,"unresolved_comment_count":0,"last_comment_updated_at":null,"project":2,"updated_by":1,"comment_authors":[]},{"id":125,"annotations":[{"id":125,"completed_by":1,"result":[{"value":{"choices":["5-Könnyen érthető"]},"id":"OiT76AiOu5","from_name":"sentiment","to_name":"text","type":"choices","origin":"manual"}],"was_cancelled":false,"ground_truth":false,"created_at":"2025-10-16T13:32:39.301467Z","updated_at":"2025-10-16T13:32:39.301490Z","draft_created_at":null,"lead_time":3.89,"prediction":{},"result_count":1,"unique_id":"e7567d27-78cb-440f-8eb1-43a924378ea9","import_id":null,"last_action":null,"bulk_created":false,"task":125,"project":2,"updated_by":1,"parent_prediction":null,"parent_annotation":null,"last_created_by":null}],"file_upload":"c40c97ca-KH_aszf.txt","drafts":[],"predictions":[],"data":{"text":"II. Általános rendelkezések"},"meta":{},"created_at":"2025-10-16T12:54:47.869869Z","updated_at":"2025-10-16T13:32:39.499387Z","inner_id":18,"total_annotations":1,"cancelled_annotations":0,"total_predictions":0,"comment_count":0,"unresolved_comment_count":0,"last_comment_updated_at":null,"project":2,"updated_by":1,"comment_authors":[]},{"id":126,"annotations":[{"id":126,"completed_by":1,"result":[{"value":{"choices":["4-Érthető"]},"id":"T6L9K_gBo3","from_name":"sentiment","to_name":"text","type":"choices","origin":"manual"}],"was_cancelled":false,"ground_truth":false,"created_at":"2025-10-16T13:33:31.036261Z","updated_at":"2025-10-16T13:33:31.036298Z","draft_created_at":null,"lead_time":26.323,"prediction":{},"result_count":1,"unique_id":"17a062e9-5cc1-43c4-8d3c-46bff5c8e553","import_id":null,"last_action":null,"bulk_created":false,"task":126,"project":2,"updated_by":1,"parent_prediction":null,"parent_annotation":null,"last_created_by":null}],"file_upload":"c40c97ca-KH_aszf.txt","drafts":[],"predictions":[],"data":{"text":"2.1 A Bank a vonatkozó ÁSZF, a vonatkozó Hirdetmény és a Bank Üzletszabályzatának Ügyfél\/Felhasználó általi elfogadásával K&H e-bank szolgáltatást nyújt az Ügyfél\/Felhasználó részére, s e szolgáltatások igénybevételéhez – az Ügyfél rendelkezésének megfelelően – e-bank azonosító kártyát vagy – az ügyfél választása szerint - e-azonosító számot bocsát ki."},"meta":{},"created_at":"2025-10-16T12:54:47.869920Z","updated_at":"2025-10-16T13:33:31.237943Z","inner_id":19,"total_annotations":1,"cancelled_annotations":0,"total_predictions":0,"comment_count":0,"unresolved_comment_count":0,"last_comment_updated_at":null,"project":2,"updated_by":1,"comment_authors":[]},{"id":127,"annotations":[{"id":127,"completed_by":1,"result":[{"value":{"choices":["5-Könnyen érthető"]},"id":"L4b-vxBeyu","from_name":"sentiment","to_name":"text","type":"choices","origin":"manual"}],"was_cancelled":false,"ground_truth":false,"created_at":"2025-10-16T13:34:04.916155Z","updated_at":"2025-10-16T13:34:04.916221Z","draft_created_at":null,"lead_time":31.37,"prediction":{},"result_count":1,"unique_id":"fe915ebc-8d5d-45fa-b317-ae5845f1427e","import_id":null,"last_action":null,"bulk_created":false,"task":127,"project":2,"updated_by":1,"parent_prediction":null,"parent_annotation":null,"last_created_by":null}],"file_upload":"c40c97ca-KH_aszf.txt","drafts":[],"predictions":[],"data":{"text":"2.2 Az Ügyfél köteles rendelkezni az e-bank szolgáltatás igénybevételéhez szükséges, a Bank által meghatározott berendezésekkel, illetőleg ilyen berendezések használatára jogosultnak kell lennie. Ezen berendezések valamint a szolgáltatás igénybevételéhez szükséges egyéb eszközök műszaki jellemzőit, használatát az Ügyfél köteles megismerni."},"meta":{},"created_at":"2025-10-16T12:54:47.869972Z","updated_at":"2025-10-16T13:34:05.121183Z","inner_id":20,"total_annotations":1,"cancelled_annotations":0,"total_predictions":0,"comment_count":0,"unresolved_comment_count":0,"last_comment_updated_at":null,"project":2,"updated_by":1,"comment_authors":[]},{"id":128,"annotations":[{"id":128,"completed_by":1,"result":[{"value":{"choices":["5-Könnyen érthető"]},"id":"QLdXKsDt5k","from_name":"sentiment","to_name":"text","type":"choices","origin":"manual"}],"was_cancelled":false,"ground_truth":false,"created_at":"2025-10-16T13:35:11.885682Z","updated_at":"2025-10-16T13:35:11.885754Z","draft_created_at":null,"lead_time":63.694,"prediction":{},"result_count":1,"unique_id":"7c54ceb5-d78f-431f-9b89-32f6aaf67c9a","import_id":null,"last_action":null,"bulk_created":false,"task":128,"project":2,"updated_by":1,"parent_prediction":null,"parent_annotation":null,"last_created_by":null}],"file_upload":"c40c97ca-KH_aszf.txt","drafts":[],"predictions":[],"data":{"text":"2.3 Az Ügyfél\/Felhasználó az e-bank szolgáltatás keretében banki szolgáltatásokat vehet igénybe. A szolgáltatási kört a Bank ügyfélforgalom számára nyitva álló helyiségeiben és az interneten közzétett Hirdetmény tartalmazza."},"meta":{},"created_at":"2025-10-16T12:54:47.870022Z","updated_at":"2025-10-16T13:35:12.101309Z","inner_id":21,"total_annotations":1,"cancelled_annotations":0,"total_predictions":0,"comment_count":0,"unresolved_comment_count":0,"last_comment_updated_at":null,"project":2,"updated_by":1,"comment_authors":[]},{"id":129,"annotations":[{"id":129,"completed_by":1,"result":[{"value":{"choices":["3-Többé\/kevésbé megértem"]},"id":"iD_cZyXK5Q","from_name":"sentiment","to_name":"text","type":"choices","origin":"manual"}],"was_cancelled":false,"ground_truth":false,"created_at":"2025-10-16T13:37:17.383115Z","updated_at":"2025-10-16T13:37:17.383139Z","draft_created_at":null,"lead_time":123.114,"prediction":{},"result_count":1,"unique_id":"5f68f3cf-0fe3-4aec-8329-c13f36ea78a1","import_id":null,"last_action":null,"bulk_created":false,"task":129,"project":2,"updated_by":1,"parent_prediction":null,"parent_annotation":null,"last_created_by":null}],"file_upload":"c40c97ca-KH_aszf.txt","drafts":[],"predictions":[],"data":{"text":"2.4 A Bank a szolgáltatások igénybevételéért a Hirdetményben meghatározott díjakat, költségeket vagy jutalékokat számítja fel. A Bank jogosult az esedékes díjakat, jutalékokat illetve költségeket a Hirdetményben meghatározott időpontban az Ügyfél bankszámlájára terhelni. A Hirdetményben közzétett díjak, költségek, jutalékok nem tartalmazzák a szolgáltatások igénybevételével végrehajtott tranzakcióknak a vonatkozó Hirdetményben meghatározott mértékű díjait, költségeit, jutalékait."},"meta":{},"created_at":"2025-10-16T12:54:47.870074Z","updated_at":"2025-10-16T13:37:17.569944Z","inner_id":22,"total_annotations":1,"cancelled_annotations":0,"total_predictions":0,"comment_count":0,"unresolved_comment_count":0,"last_comment_updated_at":null,"project":2,"updated_by":1,"comment_authors":[]},{"id":130,"annotations":[{"id":130,"completed_by":1,"result":[{"value":{"choices":["3-Többé\/kevésbé megértem"]},"id":"ckh9TVBdMb","from_name":"sentiment","to_name":"text","type":"choices","origin":"manual"}],"was_cancelled":false,"ground_truth":false,"created_at":"2025-10-16T13:38:01.170743Z","updated_at":"2025-10-16T13:38:01.170766Z","draft_created_at":null,"lead_time":31.631,"prediction":{},"result_count":1,"unique_id":"5ab4e8d6-a13a-4deb-a0aa-0485db5f496b","import_id":null,"last_action":null,"bulk_created":false,"task":130,"project":2,"updated_by":1,"parent_prediction":null,"parent_annotation":null,"last_created_by":null}],"file_upload":"c40c97ca-KH_aszf.txt","drafts":[],"predictions":[],"data":{"text":"2.5 Az Ügyfél a Bankkal szemben, a jelen ÁSZF alapján keletkező valamennyi fizetési kötelezettségének köteles esedékességkor, illetve felmerülésekor eleget tenni. A Bank jogosult arra, hogy az Ügyféllel szemben keletkező követelését az Ügyfél banknál vezetett bármely számlájával szemben elszámolja, illetve az Ügyfél egyéb számláján alapuló, vagy a Bankkal szemben egyébként fennálló követelésébe beszámítsa."},"meta":{},"created_at":"2025-10-16T12:54:47.870141Z","updated_at":"2025-10-16T13:38:01.370163Z","inner_id":23,"total_annotations":1,"cancelled_annotations":0,"total_predictions":0,"comment_count":0,"unresolved_comment_count":0,"last_comment_updated_at":null,"project":2,"updated_by":1,"comment_authors":[]},{"id":131,"annotations":[{"id":131,"completed_by":1,"result":[{"value":{"choices":["4-Érthető"]},"id":"e-XbX4oL6a","from_name":"sentiment","to_name":"text","type":"choices","origin":"manual"}],"was_cancelled":false,"ground_truth":false,"created_at":"2025-10-16T13:38:17.599951Z","updated_at":"2025-10-16T13:38:17.599976Z","draft_created_at":null,"lead_time":13.969,"prediction":{},"result_count":1,"unique_id":"b4ff0520-8928-4123-a1d2-fb292eff7f30","import_id":null,"last_action":null,"bulk_created":false,"task":131,"project":2,"updated_by":1,"parent_prediction":null,"parent_annotation":null,"last_created_by":null}],"file_upload":"c40c97ca-KH_aszf.txt","drafts":[],"predictions":[],"data":{"text":"2.6 A szolgáltatás igénybevételére az Ügyfél\/Felhasználó attól a naptól kezdve jogosult, amely napon a szolgáltatás igénybevételéhez szükséges e-bank azonosító kártyát, valamint a PIN kódot átvette, illetőleg e-azonosító szám igénylése esetén az e-azonosító számról és a hozzá kapcsolódó induló sms aktivizáló kódról az igénylés és a Bank által kibocsátott tájékoztató levél egy példányának átvételekor értesült."},"meta":{},"created_at":"2025-10-16T12:54:47.870194Z","updated_at":"2025-10-16T13:38:17.786992Z","inner_id":24,"total_annotations":1,"cancelled_annotations":0,"total_predictions":0,"comment_count":0,"unresolved_comment_count":0,"last_comment_updated_at":null,"project":2,"updated_by":1,"comment_authors":[]},{"id":132,"annotations":[{"id":132,"completed_by":1,"result":[{"value":{"choices":["4-Érthető"]},"id":"bN9Bvgs9SD","from_name":"sentiment","to_name":"text","type":"choices","origin":"manual"}],"was_cancelled":false,"ground_truth":false,"created_at":"2025-10-16T13:39:07.654667Z","updated_at":"2025-10-16T13:39:07.654692Z","draft_created_at":null,"lead_time":47.863,"prediction":{},"result_count":1,"unique_id":"99e95ea1-a04f-49bf-a48a-ffa57d3daeea","import_id":null,"last_action":null,"bulk_created":false,"task":132,"project":2,"updated_by":1,"parent_prediction":null,"parent_annotation":null,"last_created_by":null}],"file_upload":"c40c97ca-KH_aszf.txt","drafts":[],"predictions":[],"data":{"text":"2.7 A Bank az e-bank azonosító kártya, az e-azonosító szám valamint a szolgáltatás igénybevételéhez szükséges chipkártya-olvasó átvételéről és módjáról értesíti az Ügyfelet\/Felhasználót. Amennyiben az Ügyfél a Bank mindenkori értesítése alapján nem veszi át az elkészített e-bank azonosító kártyát, illetve az e-azonosító számot, a Bank az ebből származó károkért (különösen az e-bank azonosító kártya, illetve e-azonosító szám használati idejének rövidülése) felelősséget nem vállal. A Bank az át nem vett e-bank azonosító kártya, illetve e-azonosító szám vonatkozásában is érvényesíti az e-bank azonosító kártya, illetve e-azonosító szám Hirdetményben meghatározott díját."},"meta":{},"created_at":"2025-10-16T12:54:47.870271Z","updated_at":"2025-10-16T13:39:07.843566Z","inner_id":25,"total_annotations":1,"cancelled_annotations":0,"total_predictions":0,"comment_count":0,"unresolved_comment_count":0,"last_comment_updated_at":null,"project":2,"updated_by":1,"comment_authors":[]}]